===== SAMPLE_1 22:16:14 =====
ht-smi  version: 2.2.12

=================== Mars System Management Interface Log ===================
Timestamp                                         : Fri Oct  2 22:16:14 2026

Attached GPUs                                     : 4
GPU#0  X201  0000:96:00.0
                         Cu Usage
Index  0   1   2   3   4   5   6   7   8   9   10  11  12  
dpu0   0   0   0   0   0   0   0   0   0   0   0   0   0   
dpu1   0   0   0   0   0   0   0   0   0   0   0   0   0   
dpu2   0   0   0   0   0   0   0   0   0   0   0   0   0   
dpu3   0   0   0   0   0   0   0   0   0   0   0   0   0   
dpu4   0   0   0   0   0   0   0   0   0   0   0   0   0   
dpu5   0   0   0   0   0   0   0   0   0   0   0   0   0   
dpu6   0   0   0   0   0   0   0   0   0   0   0   0   0   
dpu7   0   0   0   0   0   0   0   0   0   0   0   0   0   

    Memory
        vis_vram total                            : 67108864 KB
        vis_vram used                             : 3042368 KB
        vis_vram usage                            : 4.5 %
        vram total                                : 67108864 KB
        vram used                                 : 3042368 KB
        vram usage                                : 4.5 %
        xtt total                                 : 802959600 KB
        xtt used                                  : 880256 KB
        xtt usage                                 : 0.1 %

    Utilization
        GPU                                       : 0 %
        VPUE                                      : 0 %
        VPUD                                      : 0 %

    Hbm Bandwidth
        throughput                                : 120 MBytes/s

    Clock
        HTCORE                                    : 1134 MHz
        HC                                        : 1809 MHz
        VPUE                                      : 544 MHz
        VPUD                                      : 534 MHz

GPU#1  X201  0000:ab:00.0
                         Cu Usage
Index  0   1   2   3   4   5   6   7   8   9   10  11  12  
dpu0   0   0   0   0   0   0   0   0   0   0   0   0   0   
dpu1   0   0   0   0   0   0   0   0   0   0   0   0   0   
dpu2   0   0   0   0   0   0   0   0   0   0   0   0   0   
dpu3   0   0   0   0   0   0   0   0   0   0   0   0   0   
dpu4   0   0   0   0   0   0   0   0   0   0   0   0   0   
dpu5   0   0   0   0   0   0   0   0   0   0   0   0   0   
dpu6   0   0   0   0   0   0   0   0   0   0   0   0   0   
dpu7   0   0   0   0   0   0   0   0   0   0   0   0   0   

    Memory
        vis_vram total                            : 67108864 KB
        vis_vram used                             : 3599104 KB
        vis_vram usage                            : 5.3 %
        vram total                                : 67108864 KB
        vram used                                 : 3599104 KB
        vram usage                                : 5.3 %
        xtt total                                 : 802959600 KB
        xtt used                                  : 908928 KB
        xtt usage                                 : 0.1 %

    Utilization
        GPU                                       : 0 %
        VPUE                                      : 0 %
        VPUD                                      : 0 %

    Hbm Bandwidth
        throughput                                : 184 MBytes/s

    Clock
        HTCORE                                    : 1134 MHz
        HC                                        : 1809 MHz
        VPUE                                      : 544 MHz
        VPUD                                      : 534 MHz

GPU#2  X201  0000:c1:00.0
                         Cu Usage
Index  0   1   2   3   4   5   6   7   8   9   10  11  12  
dpu0   0   0   0   0   0   0   0   0   0   0   0   0   0   
dpu1   0   0   0   0   0   0   0   0   0   0   0   0   0   
dpu2   0   0   0   0   0   0   0   0   0   0   0   0   0   
dpu3   0   0   0   0   0   0   0   0   0   0   0   0   0   
dpu4   0   0   0   0   0   0   0   0   0   0   0   0   0   
dpu5   0   0   0   0   0   0   0   0   0   0   0   0   0   
dpu6   0   0   0   0   0   0   0   0   0   0   0   0   0   
dpu7   0   0   0   0   0   0   0   0   0   0   0   0   0   

    Memory
        vis_vram total                            : 67108864 KB
        vis_vram used                             : 3156672 KB
        vis_vram usage                            : 4.7 %
        vram total                                : 67108864 KB
        vram used                                 : 3156672 KB
        vram usage                                : 4.7 %
        xtt total                                 : 802959600 KB
        xtt used                                  : 865920 KB
        xtt usage                                 : 0.1 %

    Utilization
        GPU                                       : 0 %
        VPUE                                      : 0 %
        VPUD                                      : 0 %

    Hbm Bandwidth
        throughput                                : 214 MBytes/s

    Clock
        HTCORE                                    : 1134 MHz
        HC                                        : 1809 MHz
        VPUE                                      : 544 MHz
        VPUD                                      : 534 MHz

GPU#3  X201  0000:d6:00.0
                         Cu Usage
Index  0   1   2   3   4   5   6   7   8   9   10  11  12  
dpu0   0   0   0   0   0   0   0   0   0   0   0   0   0   
dpu1   0   0   0   0   0   0   0   0   0   0   0   0   0   
dpu2   0   0   0   0   0   0   0   0   0   0   0   0   0   
dpu3   0   0   0   0   0   0   0   0   0   0   0   0   0   
dpu4   0   0   0   0   0   0   0   0   0   0   0   0   0   
dpu5   0   0   0   0   0   0   0   0   0   0   0   0   0   
dpu6   0   0   0   0   0   0   0   0   0   0   0   0   0   
dpu7   0   0   0   0   0   0   0   0   0   0   0   0   0   

    Memory
        vis_vram total                            : 67108864 KB
        vis_vram used                             : 3070400 KB
        vis_vram usage                            : 4.5 %
        vram total                                : 67108864 KB
        vram used                                 : 3070400 KB
        vram usage                                : 4.5 %
        xtt total                                 : 802959600 KB
        xtt used                                  : 880256 KB
        xtt usage                                 : 0.1 %

    Utilization
        GPU                                       : 0 %
        VPUE                                      : 0 %
        VPUD                                      : 0 %

    Hbm Bandwidth
        throughput                                : 225 MBytes/s

    Clock
        HTCORE                                    : 1134 MHz
        HC                                        : 1809 MHz
        VPUE                                      : 544 MHz
        VPUD                                      : 534 MHz

End of Log
===== SAMPLE_2 22:16:17 =====
ht-smi  version: 2.2.12

=================== Mars System Management Interface Log ===================
Timestamp                                         : Fri Oct  2 22:16:17 2026

Attached GPUs                                     : 4
GPU#0  X201  0000:96:00.0
                         Cu Usage
Index  0   1   2   3   4   5   6   7   8   9   10  11  12  
dpu0   0   0   0   0   0   0   0   0   0   0   0   0   0   
dpu1   0   0   0   0   0   0   0   0   0   0   0   0   0   
dpu2   0   0   0   0   0   0   0   0   0   0   0   0   0   
dpu3   0   0   0   0   0   0   0   0   0   0   0   0   0   
dpu4   0   0   0   0   0   0   0   0   0   0   0   0   0   
dpu5   0   0   0   0   0   0   0   0   0   0   0   0   0   
dpu6   0   0   0   0   0   0   0   0   0   0   0   0   0   
dpu7   0   0   0   0   0   0   0   0   0   0   0   0   0   

    Memory
        vis_vram total                            : 67108864 KB
        vis_vram used                             : 3042112 KB
        vis_vram usage                            : 4.5 %
        vram total                                : 67108864 KB
        vram used                                 : 3042112 KB
        vram usage                                : 4.5 %
        xtt total                                 : 802959600 KB
        xtt used                                  : 880256 KB
        xtt usage                                 : 0.1 %

    Utilization
        GPU                                       : 0 %
        VPUE                                      : 0 %
        VPUD                                      : 0 %

    Hbm Bandwidth
        throughput                                : 137 MBytes/s

    Clock
        HTCORE                                    : 1134 MHz
        HC                                        : 1809 MHz
        VPUE                                      : 544 MHz
        VPUD                                      : 534 MHz

GPU#1  X201  0000:ab:00.0
                         Cu Usage
Index  0   1   2   3   4   5   6   7   8   9   10  11  12  
dpu0   0   0   0   0   0   0   0   0   0   0   0   0   0   
dpu1   0   0   0   0   0   0   0   0   0   0   0   0   0   
dpu2   0   0   0   0   0   0   0   0   0   0   0   0   0   
dpu3   0   0   0   0   0   0   0   0   0   0   0   0   0   
dpu4   0   0   0   0   0   0   0   0   0   0   0   0   0   
dpu5   0   0   0   0   0   0   0   0   0   0   0   0   0   
dpu6   0   0   0   0   0   0   0   0   0   0   0   0   0   
dpu7   0   0   0   0   0   0   0   0   0   0   0   0   0   

    Memory
        vis_vram total                            : 67108864 KB
        vis_vram used                             : 3598784 KB
        vis_vram usage                            : 5.3 %
        vram total                                : 67108864 KB
        vram used                                 : 3598784 KB
        vram usage                                : 5.3 %
        xtt total                                 : 802959600 KB
        xtt used                                  : 865920 KB
        xtt usage                                 : 0.1 %

    Utilization
        GPU                                       : 0 %
        VPUE                                      : 0 %
        VPUD                                      : 0 %

    Hbm Bandwidth
        throughput                                : 235 MBytes/s

    Clock
        HTCORE                                    : 1134 MHz
        HC                                        : 1809 MHz
        VPUE                                      : 544 MHz
        VPUD                                      : 534 MHz

GPU#2  X201  0000:c1:00.0
                         Cu Usage
Index  0   1   2   3   4   5   6   7   8   9   10  11  12  
dpu0   0   0   0   0   0   0   0   0   0   0   0   0   0   
dpu1   0   0   0   0   0   0   0   0   0   0   0   0   0   
dpu2   0   0   0   0   0   0   0   0   0   0   0   0   0   
dpu3   0   0   0   0   0   0   0   0   0   0   0   0   0   
dpu4   0   0   0   0   0   0   0   0   0   0   0   0   0   
dpu5   0   0   0   0   0   0   0   0   0   0   0   0   0   
dpu6   0   0   0   0   0   0   0   0   0   0   0   0   0   
dpu7   0   0   0   0   0   0   0   0   0   0   0   0   0   

    Memory
        vis_vram total                            : 67108864 KB
        vis_vram used                             : 3156480 KB
        vis_vram usage                            : 4.7 %
        vram total                                : 67108864 KB
        vram used                                 : 3156480 KB
        vram usage                                : 4.7 %
        xtt total                                 : 802959600 KB
        xtt used                                  : 822912 KB
        xtt usage                                 : 0.1 %

    Utilization
        GPU                                       : 0 %
        VPUE                                      : 0 %
        VPUD                                      : 0 %

    Hbm Bandwidth
        throughput                                : 229 MBytes/s

    Clock
        HTCORE                                    : 1134 MHz
        HC                                        : 1809 MHz
        VPUE                                      : 544 MHz
        VPUD                                      : 534 MHz

GPU#3  X201  0000:d6:00.0
                         Cu Usage
Index  0   1   2   3   4   5   6   7   8   9   10  11  12  
dpu0   0   0   0   0   0   0   0   0   0   0   0   0   0   
dpu1   0   0   0   0   0   0   0   0   0   0   0   0   0   
dpu2   0   0   0   0   0   0   0   0   0   0   0   0   0   
dpu3   0   0   0   0   0   0   0   0   0   0   0   0   0   
dpu4   0   0   0   0   0   0   0   0   0   0   0   0   0   
dpu5   0   0   0   0   0   0   0   0   0   0   0   0   0   
dpu6   0   0   0   0   0   0   0   0   0   0   0   0   0   
dpu7   0   0   0   0   0   0   0   0   0   0   0   0   0   

    Memory
        vis_vram total                            : 67108864 KB
        vis_vram used                             : 3070656 KB
        vis_vram usage                            : 4.5 %
        vram total                                : 67108864 KB
        vram used                                 : 3070656 KB
        vram usage                                : 4.5 %
        xtt total                                 : 802959600 KB
        xtt used                                  : 880256 KB
        xtt usage                                 : 0.1 %

    Utilization
        GPU                                       : 0 %
        VPUE                                      : 0 %
        VPUD                                      : 0 %

    Hbm Bandwidth
        throughput                                : 246 MBytes/s

    Clock
        HTCORE                                    : 1134 MHz
        HC                                        : 1809 MHz
        VPUE                                      : 544 MHz
        VPUD                                      : 534 MHz

End of Log
===== SAMPLE_3 22:16:21 =====
ht-smi  version: 2.2.12

=================== Mars System Management Interface Log ===================
Timestamp                                         : Fri Oct  2 22:16:21 2026

Attached GPUs                                     : 4
GPU#0  X201  0000:96:00.0
                         Cu Usage
Index  0   1   2   3   4   5   6   7   8   9   10  11  12  
dpu0   0   0   0   0   0   0   0   0   0   0   0   0   0   
dpu1   0   0   0   0   0   0   0   0   0   0   0   0   0   
dpu2   0   0   0   0   0   0   0   0   0   0   0   0   0   
dpu3   0   0   0   0   0   0   0   0   0   0   0   0   0   
dpu4   0   0   0   0   0   0   0   0   0   0   0   0   0   
dpu5   0   0   0   0   0   0   0   0   0   0   0   0   0   
dpu6   0   0   0   0   0   0   0   0   0   0   0   0   0   
dpu7   0   0   0   0   0   0   0   0   0   0   0   0   0   

    Memory
        vis_vram total                            : 67108864 KB
        vis_vram used                             : 3042112 KB
        vis_vram usage                            : 4.5 %
        vram total                                : 67108864 KB
        vram used                                 : 3042112 KB
        vram usage                                : 4.5 %
        xtt total                                 : 802959600 KB
        xtt used                                  : 865920 KB
        xtt usage                                 : 0.1 %

    Utilization
        GPU                                       : 0 %
        VPUE                                      : 0 %
        VPUD                                      : 0 %

    Hbm Bandwidth
        throughput                                : 136 MBytes/s

    Clock
        HTCORE                                    : 1134 MHz
        HC                                        : 1809 MHz
        VPUE                                      : 544 MHz
        VPUD                                      : 534 MHz

GPU#1  X201  0000:ab:00.0
                         Cu Usage
Index  0   1   2   3   4   5   6   7   8   9   10  11  12  
dpu0   0   0   0   0   0   0   0   0   0   0   0   0   0   
dpu1   0   0   0   0   0   0   0   0   0   0   0   0   0   
dpu2   0   0   0   0   0   0   0   0   0   0   0   0   0   
dpu3   0   0   0   0   0   0   0   0   0   0   0   0   0   
dpu4   0   0   0   0   0   0   0   0   0   0   0   0   0   
dpu5   0   0   0   0   0   0   0   0   0   0   0   0   0   
dpu6   0   0   0   0   0   0   0   0   0   0   0   0   0   
dpu7   0   0   0   0   0   0   0   0   0   0   0   0   0   

    Memory
        vis_vram total                            : 67108864 KB
        vis_vram used                             : 3598912 KB
        vis_vram usage                            : 5.3 %
        vram total                                : 67108864 KB
        vram used                                 : 3598912 KB
        vram usage                                : 5.3 %
        xtt total                                 : 802959600 KB
        xtt used                                  : 894592 KB
        xtt usage                                 : 0.1 %

    Utilization
        GPU                                       : 0 %
        VPUE                                      : 0 %
        VPUD                                      : 0 %

    Hbm Bandwidth
        throughput                                : 251 MBytes/s

    Clock
        HTCORE                                    : 1134 MHz
        HC                                        : 1809 MHz
        VPUE                                      : 544 MHz
        VPUD                                      : 534 MHz

GPU#2  X201  0000:c1:00.0
                         Cu Usage
Index  0   1   2   3   4   5   6   7   8   9   10  11  12  
dpu0   0   0   0   0   0   0   0   0   0   0   0   0   0   
dpu1   0   0   0   0   0   0   0   0   0   0   0   0   0   
dpu2   0   0   0   0   0   0   0   0   0   0   0   0   0   
dpu3   0   0   0   0   0   0   0   0   0   0   0   0   0   
dpu4   0   0   0   0   0   0   0   0   0   0   0   0   0   
dpu5   0   0   0   0   0   0   0   0   0   0   0   0   0   
dpu6   0   0   0   0   0   0   0   0   0   0   0   0   0   
dpu7   0   0   0   0   0   0   0   0   0   0   0   0   0   

    Memory
        vis_vram total                            : 67108864 KB
        vis_vram used                             : 3156672 KB
        vis_vram usage                            : 4.7 %
        vram total                                : 67108864 KB
        vram used                                 : 3156672 KB
        vram usage                                : 4.7 %
        xtt total                                 : 802959600 KB
        xtt used                                  : 894592 KB
        xtt usage                                 : 0.1 %

    Utilization
        GPU                                       : 0 %
        VPUE                                      : 0 %
        VPUD                                      : 0 %

    Hbm Bandwidth
        throughput                                : 226 MBytes/s

    Clock
        HTCORE                                    : 1134 MHz
        HC                                        : 1809 MHz
        VPUE                                      : 544 MHz
        VPUD                                      : 534 MHz

GPU#3  X201  0000:d6:00.0
                         Cu Usage
Index  0   1   2   3   4   5   6   7   8   9   10  11  12  
dpu0   0   0   0   0   0   0   0   0   0   0   0   0   0   
dpu1   0   0   0   0   0   0   0   0   0   0   0   0   0   
dpu2   0   0   0   0   0   0   0   0   0   0   0   0   0   
dpu3   0   0   0   0   0   0   0   0   0   0   0   0   0   
dpu4   0   0   0   0   0   0   0   0   0   0   0   0   0   
dpu5   0   0   0   0   0   0   0   0   0   0   0   0   0   
dpu6   0   0   0   0   0   0   0   0   0   0   0   0   0   
dpu7   0   0   0   0   0   0   0   0   0   0   0   0   0   

    Memory
        vis_vram total                            : 67108864 KB
        vis_vram used                             : 3070720 KB
        vis_vram usage                            : 4.5 %
        vram total                                : 67108864 KB
        vram used                                 : 3070720 KB
        vram usage                                : 4.5 %
        xtt total                                 : 802959600 KB
        xtt used                                  : 865920 KB
        xtt usage                                 : 0.1 %

    Utilization
        GPU                                       : 0 %
        VPUE                                      : 0 %
        VPUD                                      : 0 %

    Hbm Bandwidth
        throughput                                : 178 MBytes/s

    Clock
        HTCORE                                    : 1134 MHz
        HC                                        : 1809 MHz
        VPUE                                      : 544 MHz
        VPUD                                      : 534 MHz

End of Log
===== SAMPLE_4 22:16:24 =====
ht-smi  version: 2.2.12

=================== Mars System Management Interface Log ===================
Timestamp                                         : Fri Oct  2 22:16:24 2026

Attached GPUs                                     : 4
GPU#0  X201  0000:96:00.0
                         Cu Usage
Index  0   1   2   3   4   5   6   7   8   9   10  11  12  
dpu0   0   0   0   0   0   0   0   0   0   0   0   0   0   
dpu1   0   0   0   0   0   0   0   0   0   0   0   0   0   
dpu2   0   0   0   0   0   0   0   0   0   0   0   0   0   
dpu3   0   0   0   0   0   0   0   0   0   0   0   0   0   
dpu4   0   0   0   0   0   0   0   0   0   0   0   0   0   
dpu5   0   0   0   0   0   0   0   0   0   0   0   0   0   
dpu6   0   0   0   0   0   0   0   0   0   0   0   0   0   
dpu7   0   0   0   0   0   0   0   0   0   0   0   0   0   

    Memory
        vis_vram total                            : 67108864 KB
        vis_vram used                             : 3041088 KB
        vis_vram usage                            : 4.5 %
        vram total                                : 67108864 KB
        vram used                                 : 3041088 KB
        vram usage                                : 4.5 %
        xtt total                                 : 802959600 KB
        xtt used                                  : 877376 KB
        xtt usage                                 : 0.1 %

    Utilization
        GPU                                       : 0 %
        VPUE                                      : 0 %
        VPUD                                      : 0 %

    Hbm Bandwidth
        throughput                                : 131 MBytes/s

    Clock
        HTCORE                                    : 1134 MHz
        HC                                        : 1809 MHz
        VPUE                                      : 544 MHz
        VPUD                                      : 534 MHz

GPU#1  X201  0000:ab:00.0
                         Cu Usage
Index  0   1   2   3   4   5   6   7   8   9   10  11  12  
dpu0   0   0   0   0   0   0   0   0   0   0   0   0   0   
dpu1   0   0   0   0   0   0   0   0   0   0   0   0   0   
dpu2   0   0   0   0   0   0   0   0   0   0   0   0   0   
dpu3   0   0   0   0   0   0   0   0   0   0   0   0   0   
dpu4   0   0   0   0   0   0   0   0   0   0   0   0   0   
dpu5   0   0   0   0   0   0   0   0   0   0   0   0   0   
dpu6   0   0   0   0   0   0   0   0   0   0   0   0   0   
dpu7   0   0   0   0   0   0   0   0   0   0   0   0   0   

    Memory
        vis_vram total                            : 67108864 KB
        vis_vram used                             : 3069504 KB
        vis_vram usage                            : 4.5 %
        vram total                                : 67108864 KB
        vram used                                 : 3069504 KB
        vram usage                                : 4.5 %
        xtt total                                 : 802959600 KB
        xtt used                                  : 863040 KB
        xtt usage                                 : 0.1 %

    Utilization
        GPU                                       : 0 %
        VPUE                                      : 0 %
        VPUD                                      : 0 %

    Hbm Bandwidth
        throughput                                : 202 MBytes/s

    Clock
        HTCORE                                    : 1134 MHz
        HC                                        : 1809 MHz
        VPUE                                      : 544 MHz
        VPUD                                      : 534 MHz

GPU#2  X201  0000:c1:00.0
                         Cu Usage
Index  0   1   2   3   4   5   6   7   8   9   10  11  12  
dpu0   0   0   0   0   0   0   0   0   0   0   0   0   0   
dpu1   0   0   0   0   0   0   0   0   0   0   0   0   0   
dpu2   0   0   0   0   0   0   0   0   0   0   0   0   0   
dpu3   0   0   0   0   0   0   0   0   0   0   0   0   0   
dpu4   0   0   0   0   0   0   0   0   0   0   0   0   0   
dpu5   0   0   0   0   0   0   0   0   0   0   0   0   0   
dpu6   0   0   0   0   0   0   0   0   0   0   0   0   0   
dpu7   0   0   0   0   0   0   0   0   0   0   0   0   0   

    Memory
        vis_vram total                            : 67108864 KB
        vis_vram used                             : 3155648 KB
        vis_vram usage                            : 4.7 %
        vram total                                : 67108864 KB
        vram used                                 : 3155648 KB
        vram usage                                : 4.7 %
        xtt total                                 : 802959600 KB
        xtt used                                  : 877376 KB
        xtt usage                                 : 0.1 %

    Utilization
        GPU                                       : 0 %
        VPUE                                      : 0 %
        VPUD                                      : 0 %

    Hbm Bandwidth
        throughput                                : 324 MBytes/s

    Clock
        HTCORE                                    : 1134 MHz
        HC                                        : 1809 MHz
        VPUE                                      : 544 MHz
        VPUD                                      : 534 MHz

GPU#3  X201  0000:d6:00.0
                         Cu Usage
Index  0   1   2   3   4   5   6   7   8   9   10  11  12  
dpu0   0   0   0   0   0   0   0   0   0   0   0   0   0   
dpu1   0   0   0   0   0   0   0   0   0   0   0   0   0   
dpu2   0   0   0   0   0   0   0   0   0   0   0   0   0   
dpu3   0   0   0   0   0   0   0   0   0   0   0   0   0   
dpu4   0   0   0   0   0   0   0   0   0   0   0   0   0   
dpu5   0   0   0   0   0   0   0   0   0   0   0   0   0   
dpu6   0   0   0   0   0   0   0   0   0   0   0   0   0   
dpu7   0   0   0   0   0   0   0   0   0   0   0   0   0   

    Memory
        vis_vram total                            : 67108864 KB
        vis_vram used                             : 3069824 KB
        vis_vram usage                            : 4.5 %
        vram total                                : 67108864 KB
        vram used                                 : 3069824 KB
        vram usage                                : 4.5 %
        xtt total                                 : 802959600 KB
        xtt used                                  : 848704 KB
        xtt usage                                 : 0.1 %

    Utilization
        GPU                                       : 0 %
        VPUE                                      : 0 %
        VPUD                                      : 0 %

    Hbm Bandwidth
        throughput                                : 215 MBytes/s

    Clock
        HTCORE                                    : 1134 MHz
        HC                                        : 1809 MHz
        VPUE                                      : 544 MHz
        VPUD                                      : 534 MHz

End of Log
===== SAMPLE_5 22:16:27 =====
ht-smi  version: 2.2.12

=================== Mars System Management Interface Log ===================
Timestamp                                         : Fri Oct  2 22:16:27 2026

Attached GPUs                                     : 4
GPU#0  X201  0000:96:00.0
                         Cu Usage
Index  0   1   2   3   4   5   6   7   8   9   10  11  12  
dpu0   0   0   0   0   0   0   0   0   0   0   0   0   0   
dpu1   0   0   0   0   0   0   0   0   0   0   0   0   0   
dpu2   0   0   0   0   0   0   0   0   0   0   0   0   0   
dpu3   0   0   0   0   0   0   0   0   0   0   0   0   0   
dpu4   0   0   0   0   0   0   0   0   0   0   0   0   0   
dpu5   0   0   0   0   0   0   0   0   0   0   0   0   0   
dpu6   0   0   0   0   0   0   0   0   0   0   0   0   0   
dpu7   0   0   0   0   0   0   0   0   0   0   0   0   0   

    Memory
        vis_vram total                            : 67108864 KB
        vis_vram used                             : 3042240 KB
        vis_vram usage                            : 4.5 %
        vram total                                : 67108864 KB
        vram used                                 : 3042240 KB
        vram usage                                : 4.5 %
        xtt total                                 : 802959600 KB
        xtt used                                  : 894592 KB
        xtt usage                                 : 0.1 %

    Utilization
        GPU                                       : 0 %
        VPUE                                      : 0 %
        VPUD                                      : 0 %

    Hbm Bandwidth
        throughput                                : 72 MBytes/s

    Clock
        HTCORE                                    : 1134 MHz
        HC                                        : 1809 MHz
        VPUE                                      : 544 MHz
        VPUD                                      : 534 MHz

GPU#1  X201  0000:ab:00.0
                         Cu Usage
Index  0   1   2   3   4   5   6   7   8   9   10  11  12  
dpu0   0   0   0   0   0   0   0   0   0   0   0   0   0   
dpu1   0   0   0   0   0   0   0   0   0   0   0   0   0   
dpu2   0   0   0   0   0   0   0   0   0   0   0   0   0   
dpu3   0   0   0   0   0   0   0   0   0   0   0   0   0   
dpu4   0   0   0   0   0   0   0   0   0   0   0   0   0   
dpu5   0   0   0   0   0   0   0   0   0   0   0   0   0   
dpu6   0   0   0   0   0   0   0   0   0   0   0   0   0   
dpu7   0   0   0   0   0   0   0   0   0   0   0   0   0   

    Memory
        vis_vram total                            : 67108864 KB
        vis_vram used                             : 3598976 KB
        vis_vram usage                            : 5.3 %
        vram total                                : 67108864 KB
        vram used                                 : 3598976 KB
        vram usage                                : 5.3 %
        xtt total                                 : 802959600 KB
        xtt used                                  : 908928 KB
        xtt usage                                 : 0.1 %

    Utilization
        GPU                                       : 0 %
        VPUE                                      : 0 %
        VPUD                                      : 0 %

    Hbm Bandwidth
        throughput                                : 210 MBytes/s

    Clock
        HTCORE                                    : 1134 MHz
        HC                                        : 1809 MHz
        VPUE                                      : 544 MHz
        VPUD                                      : 534 MHz

GPU#2  X201  0000:c1:00.0
                         Cu Usage
Index  0   1   2   3   4   5   6   7   8   9   10  11  12  
dpu0   0   0   0   0   0   0   0   0   0   0   0   0   0   
dpu1   0   0   0   0   0   0   0   0   0   0   0   0   0   
dpu2   0   0   0   0   0   0   0   0   0   0   0   0   0   
dpu3   0   0   0   0   0   0   0   0   0   0   0   0   0   
dpu4   0   0   0   0   0   0   0   0   0   0   0   0   0   
dpu5   0   0   0   0   0   0   0   0   0   0   0   0   0   
dpu6   0   0   0   0   0   0   0   0   0   0   0   0   0   
dpu7   0   0   0   0   0   0   0   0   0   0   0   0   0   

    Memory
        vis_vram total                            : 67108864 KB
        vis_vram used                             : 3156800 KB
        vis_vram usage                            : 4.7 %
        vram total                                : 67108864 KB
        vram used                                 : 3156800 KB
        vram usage                                : 4.7 %
        xtt total                                 : 802959600 KB
        xtt used                                  : 908928 KB
        xtt usage                                 : 0.1 %

    Utilization
        GPU                                       : 0 %
        VPUE                                      : 0 %
        VPUD                                      : 0 %

    Hbm Bandwidth
        throughput                                : 266 MBytes/s

    Clock
        HTCORE                                    : 1134 MHz
        HC                                        : 1809 MHz
        VPUE                                      : 544 MHz
        VPUD                                      : 534 MHz

GPU#3  X201  0000:d6:00.0
                         Cu Usage
Index  0   1   2   3   4   5   6   7   8   9   10  11  12  
dpu0   0   0   0   0   0   0   0   0   0   0   0   0   0   
dpu1   0   0   0   0   0   0   0   0   0   0   0   0   0   
dpu2   0   0   0   0   0   0   0   0   0   0   0   0   0   
dpu3   0   0   0   0   0   0   0   0   0   0   0   0   0   
dpu4   0   0   0   0   0   0   0   0   0   0   0   0   0   
dpu5   0   0   0   0   0   0   0   0   0   0   0   0   0   
dpu6   0   0   0   0   0   0   0   0   0   0   0   0   0   
dpu7   0   0   0   0   0   0   0   0   0   0   0   0   0   

    Memory
        vis_vram total                            : 67108864 KB
        vis_vram used                             : 3070528 KB
        vis_vram usage                            : 4.5 %
        vram total                                : 67108864 KB
        vram used                                 : 3070528 KB
        vram usage                                : 4.5 %
        xtt total                                 : 802959600 KB
        xtt used                                  : 880256 KB
        xtt usage                                 : 0.1 %

    Utilization
        GPU                                       : 0 %
        VPUE                                      : 0 %
        VPUD                                      : 0 %

    Hbm Bandwidth
        throughput                                : 262 MBytes/s

    Clock
        HTCORE                                    : 1134 MHz
        HC                                        : 1809 MHz
        VPUE                                      : 544 MHz
        VPUD                                      : 534 MHz

End of Log
===== SAMPLE_6 22:16:30 =====
ht-smi  version: 2.2.12

=================== Mars System Management Interface Log ===================
Timestamp                                         : Fri Oct  2 22:16:30 2026

Attached GPUs                                     : 4
GPU#0  X201  0000:96:00.0
                         Cu Usage
Index  0   1   2   3   4   5   6   7   8   9   10  11  12  
dpu0   0   0   0   0   0   0   0   0   0   0   0   0   0   
dpu1   0   0   0   0   0   0   0   0   0   0   0   0   0   
dpu2   0   0   0   0   0   0   0   0   0   0   0   0   0   
dpu3   0   0   0   0   0   0   0   0   0   0   0   0   0   
dpu4   0   0   0   0   0   0   0   0   0   0   0   0   0   
dpu5   0   0   0   0   0   0   0   0   0   0   0   0   0   
dpu6   0   0   0   0   0   0   0   0   0   0   0   0   0   
dpu7   0   0   0   0   0   0   0   0   0   0   0   0   0   

    Memory
        vis_vram total                            : 67108864 KB
        vis_vram used                             : 3042304 KB
        vis_vram usage                            : 4.5 %
        vram total                                : 67108864 KB
        vram used                                 : 3042304 KB
        vram usage                                : 4.5 %
        xtt total                                 : 802959600 KB
        xtt used                                  : 937600 KB
        xtt usage                                 : 0.1 %

    Utilization
        GPU                                       : 0 %
        VPUE                                      : 0 %
        VPUD                                      : 0 %

    Hbm Bandwidth
        throughput                                : 127 MBytes/s

    Clock
        HTCORE                                    : 1134 MHz
        HC                                        : 1809 MHz
        VPUE                                      : 544 MHz
        VPUD                                      : 534 MHz

GPU#1  X201  0000:ab:00.0
                         Cu Usage
Index  0   1   2   3   4   5   6   7   8   9   10  11  12  
dpu0   0   0   0   0   0   0   0   0   0   0   0   0   0   
dpu1   0   0   0   0   0   0   0   0   0   0   0   0   0   
dpu2   0   0   0   0   0   0   0   0   0   0   0   0   0   
dpu3   0   0   0   0   0   0   0   0   0   0   0   0   0   
dpu4   0   0   0   0   0   0   0   0   0   0   0   0   0   
dpu5   0   0   0   0   0   0   0   0   0   0   0   0   0   
dpu6   0   0   0   0   0   0   0   0   0   0   0   0   0   
dpu7   0   0   0   0   0   0   0   0   0   0   0   0   0   

    Memory
        vis_vram total                            : 67108864 KB
        vis_vram used                             : 3598848 KB
        vis_vram usage                            : 5.3 %
        vram total                                : 67108864 KB
        vram used                                 : 3598848 KB
        vram usage                                : 5.3 %
        xtt total                                 : 802959600 KB
        xtt used                                  : 880256 KB
        xtt usage                                 : 0.1 %

    Utilization
        GPU                                       : 0 %
        VPUE                                      : 0 %
        VPUD                                      : 0 %

    Hbm Bandwidth
        throughput                                : 268 MBytes/s

    Clock
        HTCORE                                    : 1134 MHz
        HC                                        : 1809 MHz
        VPUE                                      : 544 MHz
        VPUD                                      : 534 MHz

GPU#2  X201  0000:c1:00.0
                         Cu Usage
Index  0   1   2   3   4   5   6   7   8   9   10  11  12  
dpu0   0   0   0   0   0   0   0   0   0   0   0   0   0   
dpu1   0   0   0   0   0   0   0   0   0   0   0   0   0   
dpu2   0   0   0   0   0   0   0   0   0   0   0   0   0   
dpu3   0   0   0   0   0   0   0   0   0   0   0   0   0   
dpu4   0   0   0   0   0   0   0   0   0   0   0   0   0   
dpu5   0   0   0   0   0   0   0   0   0   0   0   0   0   
dpu6   0   0   0   0   0   0   0   0   0   0   0   0   0   
dpu7   0   0   0   0   0   0   0   0   0   0   0   0   0   

    Memory
        vis_vram total                            : 67108864 KB
        vis_vram used                             : 3156544 KB
        vis_vram usage                            : 4.7 %
        vram total                                : 67108864 KB
        vram used                                 : 3156544 KB
        vram usage                                : 4.7 %
        xtt total                                 : 802959600 KB
        xtt used                                  : 937600 KB
        xtt usage                                 : 0.1 %

    Utilization
        GPU                                       : 0 %
        VPUE                                      : 0 %
        VPUD                                      : 0 %

    Hbm Bandwidth
        throughput                                : 274 MBytes/s

    Clock
        HTCORE                                    : 1134 MHz
        HC                                        : 1809 MHz
        VPUE                                      : 544 MHz
        VPUD                                      : 534 MHz

GPU#3  X201  0000:d6:00.0
                         Cu Usage
Index  0   1   2   3   4   5   6   7   8   9   10  11  12  
dpu0   0   0   0   0   0   0   0   0   0   0   0   0   0   
dpu1   0   0   0   0   0   0   0   0   0   0   0   0   0   
dpu2   0   0   0   0   0   0   0   0   0   0   0   0   0   
dpu3   0   0   0   0   0   0   0   0   0   0   0   0   0   
dpu4   0   0   0   0   0   0   0   0   0   0   0   0   0   
dpu5   0   0   0   0   0   0   0   0   0   0   0   0   0   
dpu6   0   0   0   0   0   0   0   0   0   0   0   0   0   
dpu7   0   0   0   0   0   0   0   0   0   0   0   0   0   

    Memory
        vis_vram total                            : 67108864 KB
        vis_vram used                             : 3070528 KB
        vis_vram usage                            : 4.5 %
        vram total                                : 67108864 KB
        vram used                                 : 3070528 KB
        vram usage                                : 4.5 %
        xtt total                                 : 802959600 KB
        xtt used                                  : 923264 KB
        xtt usage                                 : 0.1 %

    Utilization
        GPU                                       : 0 %
        VPUE                                      : 0 %
        VPUD                                      : 0 %

    Hbm Bandwidth
        throughput                                : 245 MBytes/s

    Clock
        HTCORE                                    : 1134 MHz
        HC                                        : 1809 MHz
        VPUE                                      : 544 MHz
        VPUD                                      : 534 MHz

End of Log
===== SAMPLE_7 22:16:33 =====
ht-smi  version: 2.2.12

=================== Mars System Management Interface Log ===================
Timestamp                                         : Fri Oct  2 22:16:33 2026

Attached GPUs                                     : 4
GPU#0  X201  0000:96:00.0
                         Cu Usage
Index  0   1   2   3   4   5   6   7   8   9   10  11  12  
dpu0   0   0   0   0   0   0   0   0   0   0   0   0   0   
dpu1   0   0   0   0   0   0   0   0   0   0   0   0   0   
dpu2   0   0   0   0   0   0   0   0   0   0   0   0   0   
dpu3   0   0   0   0   0   0   0   0   0   0   0   0   0   
dpu4   0   0   0   0   0   0   0   0   0   0   0   0   0   
dpu5   0   0   0   0   0   0   0   0   0   0   0   0   0   
dpu6   0   0   0   0   0   0   0   0   0   0   0   0   0   
dpu7   0   0   0   0   0   0   0   0   0   0   0   0   0   

    Memory
        vis_vram total                            : 67108864 KB
        vis_vram used                             : 3566592 KB
        vis_vram usage                            : 5.3 %
        vram total                                : 67108864 KB
        vram used                                 : 3566592 KB
        vram usage                                : 5.3 %
        xtt total                                 : 802959600 KB
        xtt used                                  : 880256 KB
        xtt usage                                 : 0.1 %

    Utilization
        GPU                                       : 0 %
        VPUE                                      : 0 %
        VPUD                                      : 0 %

    Hbm Bandwidth
        throughput                                : 111 MBytes/s

    Clock
        HTCORE                                    : 1134 MHz
        HC                                        : 1809 MHz
        VPUE                                      : 544 MHz
        VPUD                                      : 534 MHz

GPU#1  X201  0000:ab:00.0
                         Cu Usage
Index  0   1   2   3   4   5   6   7   8   9   10  11  12  
dpu0   0   0   0   0   0   0   0   0   0   0   0   0   0   
dpu1   0   0   0   0   0   0   0   0   0   0   0   0   0   
dpu2   0   0   0   0   0   0   0   0   0   0   0   0   0   
dpu3   0   0   0   0   0   0   0   0   0   0   0   0   0   
dpu4   0   0   0   0   0   0   0   0   0   0   0   0   0   
dpu5   0   0   0   0   0   0   0   0   0   0   0   0   0   
dpu6   0   0   0   0   0   0   0   0   0   0   0   0   0   
dpu7   0   0   0   0   0   0   0   0   0   0   0   0   0   

    Memory
        vis_vram total                            : 67108864 KB
        vis_vram used                             : 3598656 KB
        vis_vram usage                            : 5.3 %
        vram total                                : 67108864 KB
        vram used                                 : 3598656 KB
        vram usage                                : 5.3 %
        xtt total                                 : 802959600 KB
        xtt used                                  : 880256 KB
        xtt usage                                 : 0.1 %

    Utilization
        GPU                                       : 0 %
        VPUE                                      : 0 %
        VPUD                                      : 0 %

    Hbm Bandwidth
        throughput                                : 333 MBytes/s

    Clock
        HTCORE                                    : 1134 MHz
        HC                                        : 1809 MHz
        VPUE                                      : 544 MHz
        VPUD                                      : 534 MHz

GPU#2  X201  0000:c1:00.0
                         Cu Usage
Index  0   1   2   3   4   5   6   7   8   9   10  11  12  
dpu0   0   0   0   0   0   0   0   0   0   0   0   0   0   
dpu1   0   0   0   0   0   0   0   0   0   0   0   0   0   
dpu2   0   0   0   0   0   0   0   0   0   0   0   0   0   
dpu3   0   0   0   0   0   0   0   0   0   0   0   0   0   
dpu4   0   0   0   0   0   0   0   0   0   0   0   0   0   
dpu5   0   0   0   0   0   0   0   0   0   0   0   0   0   
dpu6   0   0   0   0   0   0   0   0   0   0   0   0   0   
dpu7   0   0   0   0   0   0   0   0   0   0   0   0   0   

    Memory
        vis_vram total                            : 67108864 KB
        vis_vram used                             : 3680896 KB
        vis_vram usage                            : 5.4 %
        vram total                                : 67108864 KB
        vram used                                 : 3680896 KB
        vram usage                                : 5.4 %
        xtt total                                 : 802959600 KB
        xtt used                                  : 894592 KB
        xtt usage                                 : 0.1 %

    Utilization
        GPU                                       : 0 %
        VPUE                                      : 0 %
        VPUD                                      : 0 %

    Hbm Bandwidth
        throughput                                : 545 MBytes/s

    Clock
        HTCORE                                    : 1134 MHz
        HC                                        : 1809 MHz
        VPUE                                      : 544 MHz
        VPUD                                      : 534 MHz

GPU#3  X201  0000:d6:00.0
                         Cu Usage
Index  0   1   2   3   4   5   6   7   8   9   10  11  12  
dpu0   0   0   0   0   0   0   0   0   0   0   0   0   0   
dpu1   0   0   0   0   0   0   0   0   0   0   0   0   0   
dpu2   0   0   0   0   0   0   0   0   0   0   0   0   0   
dpu3   0   0   0   0   0   0   0   0   0   0   0   0   0   
dpu4   0   0   0   0   0   0   0   0   0   0   0   0   0   
dpu5   0   0   0   0   0   0   0   0   0   0   0   0   0   
dpu6   0   0   0   0   0   0   0   0   0   0   0   0   0   
dpu7   0   0   0   0   0   0   0   0   0   0   0   0   0   

    Memory
        vis_vram total                            : 67108864 KB
        vis_vram used                             : 3594880 KB
        vis_vram usage                            : 5.3 %
        vram total                                : 67108864 KB
        vram used                                 : 3594880 KB
        vram usage                                : 5.3 %
        xtt total                                 : 802959600 KB
        xtt used                                  : 908928 KB
        xtt usage                                 : 0.1 %

    Utilization
        GPU                                       : 0 %
        VPUE                                      : 0 %
        VPUD                                      : 0 %

    Hbm Bandwidth
        throughput                                : 290 MBytes/s

    Clock
        HTCORE                                    : 1134 MHz
        HC                                        : 1809 MHz
        VPUE                                      : 544 MHz
        VPUD                                      : 534 MHz

End of Log
===== SAMPLE_8 22:16:36 =====
ht-smi  version: 2.2.12

=================== Mars System Management Interface Log ===================
Timestamp                                         : Fri Oct  2 22:16:36 2026

Attached GPUs                                     : 4
GPU#0  X201  0000:96:00.0
                         Cu Usage
Index  0   1   2   3   4   5   6   7   8   9   10  11  12  
dpu0   0   0   0   0   0   0   0   0   0   0   0   0   0   
dpu1   0   0   0   0   0   0   0   0   0   0   0   0   0   
dpu2   0   0   0   0   0   0   0   0   0   0   0   0   0   
dpu3   0   0   0   0   0   0   0   0   0   0   0   0   0   
dpu4   0   0   0   0   0   0   0   0   0   0   0   0   0   
dpu5   0   0   0   0   0   0   0   0   0   0   0   0   0   
dpu6   0   0   0   0   0   0   0   0   0   0   0   0   0   
dpu7   0   0   0   0   0   0   0   0   0   0   0   0   0   

    Memory
        vis_vram total                            : 67108864 KB
        vis_vram used                             : 3566016 KB
        vis_vram usage                            : 5.3 %
        vram total                                : 67108864 KB
        vram used                                 : 3566016 KB
        vram usage                                : 5.3 %
        xtt total                                 : 802959600 KB
        xtt used                                  : 865920 KB
        xtt usage                                 : 0.1 %

    Utilization
        GPU                                       : 0 %
        VPUE                                      : 0 %
        VPUD                                      : 0 %

    Hbm Bandwidth
        throughput                                : 109 MBytes/s

    Clock
        HTCORE                                    : 1134 MHz
        HC                                        : 1809 MHz
        VPUE                                      : 544 MHz
        VPUD                                      : 534 MHz

GPU#1  X201  0000:ab:00.0
                         Cu Usage
Index  0   1   2   3   4   5   6   7   8   9   10  11  12  
dpu0   0   0   0   0   0   0   0   0   0   0   0   0   0   
dpu1   0   0   0   0   0   0   0   0   0   0   0   0   0   
dpu2   0   0   0   0   0   0   0   0   0   0   0   0   0   
dpu3   0   0   0   0   0   0   0   0   0   0   0   0   0   
dpu4   0   0   0   0   0   0   0   0   0   0   0   0   0   
dpu5   0   0   0   0   0   0   0   0   0   0   0   0   0   
dpu6   0   0   0   0   0   0   0   0   0   0   0   0   0   
dpu7   0   0   0   0   0   0   0   0   0   0   0   0   0   

    Memory
        vis_vram total                            : 67108864 KB
        vis_vram used                             : 3599360 KB
        vis_vram usage                            : 5.3 %
        vram total                                : 67108864 KB
        vram used                                 : 3599360 KB
        vram usage                                : 5.3 %
        xtt total                                 : 802959600 KB
        xtt used                                  : 908928 KB
        xtt usage                                 : 0.1 %

    Utilization
        GPU                                       : 0 %
        VPUE                                      : 0 %
        VPUD                                      : 0 %

    Hbm Bandwidth
        throughput                                : 203 MBytes/s

    Clock
        HTCORE                                    : 1134 MHz
        HC                                        : 1809 MHz
        VPUE                                      : 544 MHz
        VPUD                                      : 534 MHz

GPU#2  X201  0000:c1:00.0
                         Cu Usage
Index  0   1   2   3   4   5   6   7   8   9   10  11  12  
dpu0   0   0   0   0   0   0   0   0   0   0   0   0   0   
dpu1   0   0   0   0   0   0   0   0   0   0   0   0   0   
dpu2   0   0   0   0   0   0   0   0   0   0   0   0   0   
dpu3   0   0   0   0   0   0   0   0   0   0   0   0   0   
dpu4   0   0   0   0   0   0   0   0   0   0   0   0   0   
dpu5   0   0   0   0   0   0   0   0   0   0   0   0   0   
dpu6   0   0   0   0   0   0   0   0   0   0   0   0   0   
dpu7   0   0   0   0   0   0   0   0   0   0   0   0   0   

    Memory
        vis_vram total                            : 67108864 KB
        vis_vram used                             : 5253824 KB
        vis_vram usage                            : 7.8 %
        vram total                                : 67108864 KB
        vram used                                 : 5253824 KB
        vram usage                                : 7.8 %
        xtt total                                 : 802959600 KB
        xtt used                                  : 908928 KB
        xtt usage                                 : 0.1 %

    Utilization
        GPU                                       : 0 %
        VPUE                                      : 0 %
        VPUD                                      : 0 %

    Hbm Bandwidth
        throughput                                : 313 MBytes/s

    Clock
        HTCORE                                    : 1134 MHz
        HC                                        : 1809 MHz
        VPUE                                      : 544 MHz
        VPUD                                      : 534 MHz

GPU#3  X201  0000:d6:00.0
                         Cu Usage
Index  0   1   2   3   4   5   6   7   8   9   10  11  12  
dpu0   0   0   0   0   0   0   0   0   0   0   0   0   0   
dpu1   0   0   0   0   0   0   0   0   0   0   0   0   0   
dpu2   0   0   0   0   0   0   0   0   0   0   0   0   0   
dpu3   0   0   0   0   0   0   0   0   0   0   0   0   0   
dpu4   0   0   0   0   0   0   0   0   0   0   0   0   0   
dpu5   0   0   0   0   0   0   0   0   0   0   0   0   0   
dpu6   0   0   0   0   0   0   0   0   0   0   0   0   0   
dpu7   0   0   0   0   0   0   0   0   0   0   0   0   0   

    Memory
        vis_vram total                            : 67108864 KB
        vis_vram used                             : 4119616 KB
        vis_vram usage                            : 6.1 %
        vram total                                : 67108864 KB
        vram used                                 : 4119616 KB
        vram usage                                : 6.1 %
        xtt total                                 : 802959600 KB
        xtt used                                  : 865920 KB
        xtt usage                                 : 0.1 %

    Utilization
        GPU                                       : 0 %
        VPUE                                      : 0 %
        VPUD                                      : 0 %

    Hbm Bandwidth
        throughput                                : 259 MBytes/s

    Clock
        HTCORE                                    : 1134 MHz
        HC                                        : 1809 MHz
        VPUE                                      : 544 MHz
        VPUD                                      : 534 MHz

End of Log
===== SAMPLE_9 22:16:39 =====
ht-smi  version: 2.2.12

=================== Mars System Management Interface Log ===================
Timestamp                                         : Fri Oct  2 22:16:39 2026

Attached GPUs                                     : 4
GPU#0  X201  0000:96:00.0
                         Cu Usage
Index  0   1   2   3   4   5   6   7   8   9   10  11  12  
dpu0   0   0   0   0   0   0   0   0   0   0   0   0   0   
dpu1   0   0   0   0   0   0   0   0   0   0   0   0   0   
dpu2   0   0   0   0   0   0   0   0   0   0   0   0   0   
dpu3   0   0   0   0   0   0   0   0   0   0   0   0   0   
dpu4   0   0   0   0   0   0   0   0   0   0   0   0   0   
dpu5   0   0   0   0   0   0   0   0   0   0   0   0   0   
dpu6   0   0   0   0   0   0   0   0   0   0   0   0   0   
dpu7   0   0   0   0   0   0   0   0   0   0   0   0   0   

    Memory
        vis_vram total                            : 67108864 KB
        vis_vram used                             : 3566208 KB
        vis_vram usage                            : 5.3 %
        vram total                                : 67108864 KB
        vram used                                 : 3566208 KB
        vram usage                                : 5.3 %
        xtt total                                 : 802959600 KB
        xtt used                                  : 894592 KB
        xtt usage                                 : 0.1 %

    Utilization
        GPU                                       : 0 %
        VPUE                                      : 0 %
        VPUD                                      : 0 %

    Hbm Bandwidth
        throughput                                : 133 MBytes/s

    Clock
        HTCORE                                    : 1134 MHz
        HC                                        : 1809 MHz
        VPUE                                      : 544 MHz
        VPUD                                      : 534 MHz

GPU#1  X201  0000:ab:00.0
                         Cu Usage
Index  0   1   2   3   4   5   6   7   8   9   10  11  12  
dpu0   0   0   0   0   0   0   0   0   0   0   0   0   0   
dpu1   0   0   0   0   0   0   0   0   0   0   0   0   0   
dpu2   0   0   0   0   0   0   0   0   0   0   0   0   0   
dpu3   0   0   0   0   0   0   0   0   0   0   0   0   0   
dpu4   0   0   0   0   0   0   0   0   0   0   0   0   0   
dpu5   0   0   0   0   0   0   0   0   0   0   0   0   0   
dpu6   0   0   0   0   0   0   0   0   0   0   0   0   0   
dpu7   0   0   0   0   0   0   0   0   0   0   0   0   0   

    Memory
        vis_vram total                            : 67108864 KB
        vis_vram used                             : 4648064 KB
        vis_vram usage                            : 6.9 %
        vram total                                : 67108864 KB
        vram used                                 : 4648064 KB
        vram usage                                : 6.9 %
        xtt total                                 : 802959600 KB
        xtt used                                  : 880256 KB
        xtt usage                                 : 0.1 %

    Utilization
        GPU                                       : 0 %
        VPUE                                      : 0 %
        VPUD                                      : 0 %

    Hbm Bandwidth
        throughput                                : 361 MBytes/s

    Clock
        HTCORE                                    : 1134 MHz
        HC                                        : 1809 MHz
        VPUE                                      : 544 MHz
        VPUD                                      : 534 MHz

GPU#2  X201  0000:c1:00.0
                         Cu Usage
Index  0   1   2   3   4   5   6   7   8   9   10  11  12  
dpu0   0   0   0   0   0   0   0   0   0   0   0   0   0   
dpu1   0   0   0   0   0   0   0   0   0   0   0   0   0   
dpu2   0   0   0   0   0   0   0   0   0   0   0   0   0   
dpu3   0   0   0   0   0   0   0   0   0   0   0   0   0   
dpu4   0   0   0   0   0   0   0   0   0   0   0   0   0   
dpu5   0   0   0   0   0   0   0   0   0   0   0   0   0   
dpu6   0   0   0   0   0   0   0   0   0   0   0   0   0   
dpu7   0   0   0   0   0   0   0   0   0   0   0   0   0   

    Memory
        vis_vram total                            : 67108864 KB
        vis_vram used                             : 5253952 KB
        vis_vram usage                            : 7.8 %
        vram total                                : 67108864 KB
        vram used                                 : 5253952 KB
        vram usage                                : 7.8 %
        xtt total                                 : 802959600 KB
        xtt used                                  : 865920 KB
        xtt usage                                 : 0.1 %

    Utilization
        GPU                                       : 0 %
        VPUE                                      : 0 %
        VPUD                                      : 0 %

    Hbm Bandwidth
        throughput                                : 245 MBytes/s

    Clock
        HTCORE                                    : 1134 MHz
        HC                                        : 1809 MHz
        VPUE                                      : 544 MHz
        VPUD                                      : 534 MHz

GPU#3  X201  0000:d6:00.0
                         Cu Usage
Index  0   1   2   3   4   5   6   7   8   9   10  11  12  
dpu0   0   0   0   0   0   0   0   0   0   0   0   0   0   
dpu1   0   0   0   0   0   0   0   0   0   0   0   0   0   
dpu2   0   0   0   0   0   0   0   0   0   0   0   0   0   
dpu3   0   0   0   0   0   0   0   0   0   0   0   0   0   
dpu4   0   0   0   0   0   0   0   0   0   0   0   0   0   
dpu5   0   0   0   0   0   0   0   0   0   0   0   0   0   
dpu6   0   0   0   0   0   0   0   0   0   0   0   0   0   
dpu7   0   0   0   0   0   0   0   0   0   0   0   0   0   

    Memory
        vis_vram total                            : 67108864 KB
        vis_vram used                             : 4643648 KB
        vis_vram usage                            : 6.9 %
        vram total                                : 67108864 KB
        vram used                                 : 4643648 KB
        vram usage                                : 6.9 %
        xtt total                                 : 802959600 KB
        xtt used                                  : 865920 KB
        xtt usage                                 : 0.1 %

    Utilization
        GPU                                       : 0 %
        VPUE                                      : 0 %
        VPUD                                      : 0 %

    Hbm Bandwidth
        throughput                                : 210 MBytes/s

    Clock
        HTCORE                                    : 1134 MHz
        HC                                        : 1809 MHz
        VPUE                                      : 544 MHz
        VPUD                                      : 534 MHz

End of Log
===== SAMPLE_10 22:16:42 =====
ht-smi  version: 2.2.12

=================== Mars System Management Interface Log ===================
Timestamp                                         : Fri Oct  2 22:16:42 2026

Attached GPUs                                     : 4
GPU#0  X201  0000:96:00.0
                         Cu Usage
Index  0   1   2   3   4   5   6   7   8   9   10  11  12  
dpu0   0   0   0   0   0   0   0   0   0   0   0   0   0   
dpu1   0   0   0   0   0   0   0   0   0   0   0   0   0   
dpu2   0   0   0   0   0   0   0   0   0   0   0   0   0   
dpu3   0   0   0   0   0   0   0   0   0   0   0   0   0   
dpu4   0   0   0   0   0   0   0   0   0   0   0   0   0   
dpu5   0   0   0   0   0   0   0   0   0   0   0   0   0   
dpu6   0   0   0   0   0   0   0   0   0   0   0   0   0   
dpu7   0   0   0   0   0   0   0   0   0   0   0   0   0   

    Memory
        vis_vram total                            : 67108864 KB
        vis_vram used                             : 3566464 KB
        vis_vram usage                            : 5.3 %
        vram total                                : 67108864 KB
        vram used                                 : 3566464 KB
        vram usage                                : 5.3 %
        xtt total                                 : 802959600 KB
        xtt used                                  : 865920 KB
        xtt usage                                 : 0.1 %

    Utilization
        GPU                                       : 0 %
        VPUE                                      : 0 %
        VPUD                                      : 0 %

    Hbm Bandwidth
        throughput                                : 108 MBytes/s

    Clock
        HTCORE                                    : 1134 MHz
        HC                                        : 1809 MHz
        VPUE                                      : 544 MHz
        VPUD                                      : 534 MHz

GPU#1  X201  0000:ab:00.0
                         Cu Usage
Index  0   1   2   3   4   5   6   7   8   9   10  11  12  
dpu0   0   0   0   0   0   0   0   0   0   0   0   0   0   
dpu1   0   0   0   0   0   0   0   0   0   0   0   0   0   
dpu2   0   0   0   0   0   0   0   0   0   0   0   0   0   
dpu3   0   0   0   0   0   0   0   0   0   0   0   0   0   
dpu4   0   0   0   0   0   0   0   0   0   0   0   0   0   
dpu5   0   0   0   0   0   0   0   0   0   0   0   0   0   
dpu6   0   0   0   0   0   0   0   0   0   0   0   0   0   
dpu7   0   0   0   0   0   0   0   0   0   0   0   0   0   

    Memory
        vis_vram total                            : 67108864 KB
        vis_vram used                             : 5172416 KB
        vis_vram usage                            : 7.7 %
        vram total                                : 67108864 KB
        vram used                                 : 5172416 KB
        vram usage                                : 7.7 %
        xtt total                                 : 802959600 KB
        xtt used                                  : 908928 KB
        xtt usage                                 : 0.1 %

    Utilization
        GPU                                       : 0 %
        VPUE                                      : 0 %
        VPUD                                      : 0 %

    Hbm Bandwidth
        throughput                                : 215 MBytes/s

    Clock
        HTCORE                                    : 1134 MHz
        HC                                        : 1809 MHz
        VPUE                                      : 544 MHz
        VPUD                                      : 534 MHz

GPU#2  X201  0000:c1:00.0
                         Cu Usage
Index  0   1   2   3   4   5   6   7   8   9   10  11  12  
dpu0   0   0   0   0   0   0   0   0   0   0   0   0   0   
dpu1   0   0   0   0   0   0   0   0   0   0   0   0   0   
dpu2   0   0   0   0   0   0   0   0   0   0   0   0   0   
dpu3   0   0   0   0   0   0   0   0   0   0   0   0   0   
dpu4   0   0   0   0   0   0   0   0   0   0   0   0   0   
dpu5   0   0   0   0   0   0   0   0   0   0   0   0   0   
dpu6   0   0   0   0   0   0   0   0   0   0   0   0   0   
dpu7   0   0   0   0   0   0   0   0   0   0   0   0   0   

    Memory
        vis_vram total                            : 67108864 KB
        vis_vram used                             : 5253760 KB
        vis_vram usage                            : 7.8 %
        vram total                                : 67108864 KB
        vram used                                 : 5253760 KB
        vram usage                                : 7.8 %
        xtt total                                 : 802959600 KB
        xtt used                                  : 880256 KB
        xtt usage                                 : 0.1 %

    Utilization
        GPU                                       : 0 %
        VPUE                                      : 0 %
        VPUD                                      : 0 %

    Hbm Bandwidth
        throughput                                : 373 MBytes/s

    Clock
        HTCORE                                    : 1134 MHz
        HC                                        : 1809 MHz
        VPUE                                      : 544 MHz
        VPUD                                      : 534 MHz

GPU#3  X201  0000:d6:00.0
                         Cu Usage
Index  0   1   2   3   4   5   6   7   8   9   10  11  12  
dpu0   0   0   0   0   0   0   0   0   0   0   0   0   0   
dpu1   0   0   0   0   0   0   0   0   0   0   0   0   0   
dpu2   0   0   0   0   0   0   0   0   0   0   0   0   0   
dpu3   0   0   0   0   0   0   0   0   0   0   0   0   0   
dpu4   0   0   0   0   0   0   0   0   0   0   0   0   0   
dpu5   0   0   0   0   0   0   0   0   0   0   0   0   0   
dpu6   0   0   0   0   0   0   0   0   0   0   0   0   0   
dpu7   0   0   0   0   0   0   0   0   0   0   0   0   0   

    Memory
        vis_vram total                            : 67108864 KB
        vis_vram used                             : 5168576 KB
        vis_vram usage                            : 7.7 %
        vram total                                : 67108864 KB
        vram used                                 : 5168576 KB
        vram usage                                : 7.7 %
        xtt total                                 : 802959600 KB
        xtt used                                  : 880256 KB
        xtt usage                                 : 0.1 %

    Utilization
        GPU                                       : 0 %
        VPUE                                      : 0 %
        VPUD                                      : 0 %

    Hbm Bandwidth
        throughput                                : 262 MBytes/s

    Clock
        HTCORE                                    : 1134 MHz
        HC                                        : 1809 MHz
        VPUE                                      : 544 MHz
        VPUD                                      : 534 MHz

End of Log
===== SAMPLE_11 22:16:45 =====
ht-smi  version: 2.2.12

=================== Mars System Management Interface Log ===================
Timestamp                                         : Fri Oct  2 22:16:45 2026

Attached GPUs                                     : 4
GPU#0  X201  0000:96:00.0
                         Cu Usage
Index  0   1   2   3   4   5   6   7   8   9   10  11  12  
dpu0   0   0   0   0   0   0   0   0   0   0   0   0   0   
dpu1   0   0   0   0   0   0   0   0   0   0   0   0   0   
dpu2   0   0   0   0   0   0   0   0   0   0   0   0   0   
dpu3   0   0   0   0   0   0   0   0   0   0   0   0   0   
dpu4   0   0   0   0   0   0   0   0   0   0   0   0   0   
dpu5   0   0   0   0   0   0   0   0   0   0   0   0   0   
dpu6   0   0   0   0   0   0   0   0   0   0   0   0   0   
dpu7   0   0   0   0   0   0   0   0   0   0   0   0   0   

    Memory
        vis_vram total                            : 67108864 KB
        vis_vram used                             : 4090816 KB
        vis_vram usage                            : 6 %
        vram total                                : 67108864 KB
        vram used                                 : 4090816 KB
        vram usage                                : 6 %
        xtt total                                 : 802959600 KB
        xtt used                                  : 908928 KB
        xtt usage                                 : 0.1 %

    Utilization
        GPU                                       : 0 %
        VPUE                                      : 0 %
        VPUD                                      : 0 %

    Hbm Bandwidth
        throughput                                : 112 MBytes/s

    Clock
        HTCORE                                    : 1134 MHz
        HC                                        : 1809 MHz
        VPUE                                      : 544 MHz
        VPUD                                      : 534 MHz

GPU#1  X201  0000:ab:00.0
                         Cu Usage
Index  0   1   2   3   4   5   6   7   8   9   10  11  12  
dpu0   0   0   0   0   0   0   0   0   0   0   0   0   0   
dpu1   0   0   0   0   0   0   0   0   0   0   0   0   0   
dpu2   0   0   0   0   0   0   0   0   0   0   0   0   0   
dpu3   0   0   0   0   0   0   0   0   0   0   0   0   0   
dpu4   0   0   0   0   0   0   0   0   0   0   0   0   0   
dpu5   0   0   0   0   0   0   0   0   0   0   0   0   0   
dpu6   0   0   0   0   0   0   0   0   0   0   0   0   0   
dpu7   0   0   0   0   0   0   0   0   0   0   0   0   0   

    Memory
        vis_vram total                            : 67108864 KB
        vis_vram used                             : 5171968 KB
        vis_vram usage                            : 7.7 %
        vram total                                : 67108864 KB
        vram used                                 : 5171968 KB
        vram usage                                : 7.7 %
        xtt total                                 : 802959600 KB
        xtt used                                  : 880256 KB
        xtt usage                                 : 0.1 %

    Utilization
        GPU                                       : 0 %
        VPUE                                      : 0 %
        VPUD                                      : 0 %

    Hbm Bandwidth
        throughput                                : 211 MBytes/s

    Clock
        HTCORE                                    : 1134 MHz
        HC                                        : 1809 MHz
        VPUE                                      : 544 MHz
        VPUD                                      : 534 MHz

GPU#2  X201  0000:c1:00.0
                         Cu Usage
Index  0   1   2   3   4   5   6   7   8   9   10  11  12  
dpu0   0   0   0   0   0   0   0   0   0   0   0   0   0   
dpu1   0   0   0   0   0   0   0   0   0   0   0   0   0   
dpu2   0   0   0   0   0   0   0   0   0   0   0   0   0   
dpu3   0   0   0   0   0   0   0   0   0   0   0   0   0   
dpu4   0   0   0   0   0   0   0   0   0   0   0   0   0   
dpu5   0   0   0   0   0   0   0   0   0   0   0   0   0   
dpu6   0   0   0   0   0   0   0   0   0   0   0   0   0   
dpu7   0   0   0   0   0   0   0   0   0   0   0   0   0   

    Memory
        vis_vram total                            : 67108864 KB
        vis_vram used                             : 5254656 KB
        vis_vram usage                            : 7.8 %
        vram total                                : 67108864 KB
        vram used                                 : 5254656 KB
        vram usage                                : 7.8 %
        xtt total                                 : 802959600 KB
        xtt used                                  : 880256 KB
        xtt usage                                 : 0.1 %

    Utilization
        GPU                                       : 0 %
        VPUE                                      : 0 %
        VPUD                                      : 0 %

    Hbm Bandwidth
        throughput                                : 235 MBytes/s

    Clock
        HTCORE                                    : 1134 MHz
        HC                                        : 1809 MHz
        VPUE                                      : 544 MHz
        VPUD                                      : 534 MHz

GPU#3  X201  0000:d6:00.0
                         Cu Usage
Index  0   1   2   3   4   5   6   7   8   9   10  11  12  
dpu0   0   0   0   0   0   0   0   0   0   0   0   0   0   
dpu1   0   0   0   0   0   0   0   0   0   0   0   0   0   
dpu2   0   0   0   0   0   0   0   0   0   0   0   0   0   
dpu3   0   0   0   0   0   0   0   0   0   0   0   0   0   
dpu4   0   0   0   0   0   0   0   0   0   0   0   0   0   
dpu5   0   0   0   0   0   0   0   0   0   0   0   0   0   
dpu6   0   0   0   0   0   0   0   0   0   0   0   0   0   
dpu7   0   0   0   0   0   0   0   0   0   0   0   0   0   

    Memory
        vis_vram total                            : 67108864 KB
        vis_vram used                             : 5168192 KB
        vis_vram usage                            : 7.7 %
        vram total                                : 67108864 KB
        vram used                                 : 5168192 KB
        vram usage                                : 7.7 %
        xtt total                                 : 802959600 KB
        xtt used                                  : 880256 KB
        xtt usage                                 : 0.1 %

    Utilization
        GPU                                       : 0 %
        VPUE                                      : 0 %
        VPUD                                      : 0 %

    Hbm Bandwidth
        throughput                                : 309 MBytes/s

    Clock
        HTCORE                                    : 1134 MHz
        HC                                        : 1809 MHz
        VPUE                                      : 544 MHz
        VPUD                                      : 534 MHz

End of Log
===== SAMPLE_12 22:16:48 =====
ht-smi  version: 2.2.12

=================== Mars System Management Interface Log ===================
Timestamp                                         : Fri Oct  2 22:16:48 2026

Attached GPUs                                     : 4
GPU#0  X201  0000:96:00.0
                         Cu Usage
Index  0   1   2   3   4   5   6   7   8   9   10  11  12  
dpu0   0   0   0   0   0   0   0   0   0   0   0   0   0   
dpu1   0   0   0   0   0   0   0   0   0   0   0   0   0   
dpu2   0   0   0   0   0   0   0   0   0   0   0   0   0   
dpu3   0   0   0   0   0   0   0   0   0   0   0   0   0   
dpu4   0   0   0   0   0   0   0   0   0   0   0   0   0   
dpu5   0   0   0   0   0   0   0   0   0   0   0   0   0   
dpu6   0   0   0   0   0   0   0   0   0   0   0   0   0   
dpu7   0   0   0   0   0   0   0   0   0   0   0   0   0   

    Memory
        vis_vram total                            : 67108864 KB
        vis_vram used                             : 4090880 KB
        vis_vram usage                            : 6 %
        vram total                                : 67108864 KB
        vram used                                 : 4090880 KB
        vram usage                                : 6 %
        xtt total                                 : 802959600 KB
        xtt used                                  : 966272 KB
        xtt usage                                 : 0.1 %

    Utilization
        GPU                                       : 0 %
        VPUE                                      : 0 %
        VPUD                                      : 0 %

    Hbm Bandwidth
        throughput                                : 118 MBytes/s

    Clock
        HTCORE                                    : 1134 MHz
        HC                                        : 1809 MHz
        VPUE                                      : 544 MHz
        VPUD                                      : 534 MHz

GPU#1  X201  0000:ab:00.0
                         Cu Usage
Index  0   1   2   3   4   5   6   7   8   9   10  11  12  
dpu0   0   0   0   0   0   0   0   0   0   0   0   0   0   
dpu1   0   0   0   0   0   0   0   0   0   0   0   0   0   
dpu2   0   0   0   0   0   0   0   0   0   0   0   0   0   
dpu3   0   0   0   0   0   0   0   0   0   0   0   0   0   
dpu4   0   0   0   0   0   0   0   0   0   0   0   0   0   
dpu5   0   0   0   0   0   0   0   0   0   0   0   0   0   
dpu6   0   0   0   0   0   0   0   0   0   0   0   0   0   
dpu7   0   0   0   0   0   0   0   0   0   0   0   0   0   

    Memory
        vis_vram total                            : 67108864 KB
        vis_vram used                             : 5172544 KB
        vis_vram usage                            : 7.7 %
        vram total                                : 67108864 KB
        vram used                                 : 5172544 KB
        vram usage                                : 7.7 %
        xtt total                                 : 802959600 KB
        xtt used                                  : 923264 KB
        xtt usage                                 : 0.1 %

    Utilization
        GPU                                       : 0 %
        VPUE                                      : 0 %
        VPUD                                      : 0 %

    Hbm Bandwidth
        throughput                                : 349 MBytes/s

    Clock
        HTCORE                                    : 1134 MHz
        HC                                        : 1809 MHz
        VPUE                                      : 544 MHz
        VPUD                                      : 534 MHz

GPU#2  X201  0000:c1:00.0
                         Cu Usage
Index  0   1   2   3   4   5   6   7   8   9   10  11  12  
dpu0   0   0   0   0   0   0   0   0   0   0   0   0   0   
dpu1   0   0   0   0   0   0   0   0   0   0   0   0   0   
dpu2   0   0   0   0   0   0   0   0   0   0   0   0   0   
dpu3   0   0   0   0   0   0   0   0   0   0   0   0   0   
dpu4   0   0   0   0   0   0   0   0   0   0   0   0   0   
dpu5   0   0   0   0   0   0   0   0   0   0   0   0   0   
dpu6   0   0   0   0   0   0   0   0   0   0   0   0   0   
dpu7   0   0   0   0   0   0   0   0   0   0   0   0   0   

    Memory
        vis_vram total                            : 67108864 KB
        vis_vram used                             : 5254720 KB
        vis_vram usage                            : 7.8 %
        vram total                                : 67108864 KB
        vram used                                 : 5254720 KB
        vram usage                                : 7.8 %
        xtt total                                 : 802959600 KB
        xtt used                                  : 880256 KB
        xtt usage                                 : 0.1 %

    Utilization
        GPU                                       : 0 %
        VPUE                                      : 0 %
        VPUD                                      : 0 %

    Hbm Bandwidth
        throughput                                : 261 MBytes/s

    Clock
        HTCORE                                    : 1134 MHz
        HC                                        : 1809 MHz
        VPUE                                      : 544 MHz
        VPUD                                      : 534 MHz

GPU#3  X201  0000:d6:00.0
                         Cu Usage
Index  0   1   2   3   4   5   6   7   8   9   10  11  12  
dpu0   0   0   0   0   0   0   0   0   0   0   0   0   0   
dpu1   0   0   0   0   0   0   0   0   0   0   0   0   0   
dpu2   0   0   0   0   0   0   0   0   0   0   0   0   0   
dpu3   0   0   0   0   0   0   0   0   0   0   0   0   0   
dpu4   0   0   0   0   0   0   0   0   0   0   0   0   0   
dpu5   0   0   0   0   0   0   0   0   0   0   0   0   0   
dpu6   0   0   0   0   0   0   0   0   0   0   0   0   0   
dpu7   0   0   0   0   0   0   0   0   0   0   0   0   0   

    Memory
        vis_vram total                            : 67108864 KB
        vis_vram used                             : 5168064 KB
        vis_vram usage                            : 7.7 %
        vram total                                : 67108864 KB
        vram used                                 : 5168064 KB
        vram usage                                : 7.7 %
        xtt total                                 : 802959600 KB
        xtt used                                  : 865920 KB
        xtt usage                                 : 0.1 %

    Utilization
        GPU                                       : 0 %
        VPUE                                      : 0 %
        VPUD                                      : 0 %

    Hbm Bandwidth
        throughput                                : 287 MBytes/s

    Clock
        HTCORE                                    : 1134 MHz
        HC                                        : 1809 MHz
        VPUE                                      : 544 MHz
        VPUD                                      : 534 MHz

End of Log
===== SAMPLE_13 22:16:51 =====
ht-smi  version: 2.2.12

=================== Mars System Management Interface Log ===================
Timestamp                                         : Fri Oct  2 22:16:51 2026

Attached GPUs                                     : 4
GPU#0  X201  0000:96:00.0
                         Cu Usage
Index  0   1   2   3   4   5   6   7   8   9   10  11  12  
dpu0   0   0   0   0   0   0   0   0   0   0   0   0   0   
dpu1   0   0   0   0   0   0   0   0   0   0   0   0   0   
dpu2   0   0   0   0   0   0   0   0   0   0   0   0   0   
dpu3   0   0   0   0   0   0   0   0   0   0   0   0   0   
dpu4   0   0   0   0   0   0   0   0   0   0   0   0   0   
dpu5   0   0   0   0   0   0   0   0   0   0   0   0   0   
dpu6   0   0   0   0   0   0   0   0   0   0   0   0   0   
dpu7   0   0   0   0   0   0   0   0   0   0   0   0   0   

    Memory
        vis_vram total                            : 67108864 KB
        vis_vram used                             : 4090752 KB
        vis_vram usage                            : 6 %
        vram total                                : 67108864 KB
        vram used                                 : 4090752 KB
        vram usage                                : 6 %
        xtt total                                 : 802959600 KB
        xtt used                                  : 894592 KB
        xtt usage                                 : 0.1 %

    Utilization
        GPU                                       : 0 %
        VPUE                                      : 0 %
        VPUD                                      : 0 %

    Hbm Bandwidth
        throughput                                : 130 MBytes/s

    Clock
        HTCORE                                    : 1134 MHz
        HC                                        : 1809 MHz
        VPUE                                      : 544 MHz
        VPUD                                      : 534 MHz

GPU#1  X201  0000:ab:00.0
                         Cu Usage
Index  0   1   2   3   4   5   6   7   8   9   10  11  12  
dpu0   0   0   0   0   0   0   0   0   0   0   0   0   0   
dpu1   0   0   0   0   0   0   0   0   0   0   0   0   0   
dpu2   0   0   0   0   0   0   0   0   0   0   0   0   0   
dpu3   0   0   0   0   0   0   0   0   0   0   0   0   0   
dpu4   0   0   0   0   0   0   0   0   0   0   0   0   0   
dpu5   0   0   0   0   0   0   0   0   0   0   0   0   0   
dpu6   0   0   0   0   0   0   0   0   0   0   0   0   0   
dpu7   0   0   0   0   0   0   0   0   0   0   0   0   0   

    Memory
        vis_vram total                            : 67108864 KB
        vis_vram used                             : 5696768 KB
        vis_vram usage                            : 8.4 %
        vram total                                : 67108864 KB
        vram used                                 : 5696768 KB
        vram usage                                : 8.4 %
        xtt total                                 : 802959600 KB
        xtt used                                  : 923264 KB
        xtt usage                                 : 0.1 %

    Utilization
        GPU                                       : 0 %
        VPUE                                      : 0 %
        VPUD                                      : 0 %

    Hbm Bandwidth
        throughput                                : 183 MBytes/s

    Clock
        HTCORE                                    : 1134 MHz
        HC                                        : 1809 MHz
        VPUE                                      : 544 MHz
        VPUD                                      : 534 MHz

GPU#2  X201  0000:c1:00.0
                         Cu Usage
Index  0   1   2   3   4   5   6   7   8   9   10  11  12  
dpu0   0   0   0   0   0   0   0   0   0   0   0   0   0   
dpu1   0   0   0   0   0   0   0   0   0   0   0   0   0   
dpu2   0   0   0   0   0   0   0   0   0   0   0   0   0   
dpu3   0   0   0   0   0   0   0   0   0   0   0   0   0   
dpu4   0   0   0   0   0   0   0   0   0   0   0   0   0   
dpu5   0   0   0   0   0   0   0   0   0   0   0   0   0   
dpu6   0   0   0   0   0   0   0   0   0   0   0   0   0   
dpu7   0   0   0   0   0   0   0   0   0   0   0   0   0   

    Memory
        vis_vram total                            : 67108864 KB
        vis_vram used                             : 5255232 KB
        vis_vram usage                            : 7.8 %
        vram total                                : 67108864 KB
        vram used                                 : 5255232 KB
        vram usage                                : 7.8 %
        xtt total                                 : 802959600 KB
        xtt used                                  : 908928 KB
        xtt usage                                 : 0.1 %

    Utilization
        GPU                                       : 0 %
        VPUE                                      : 0 %
        VPUD                                      : 0 %

    Hbm Bandwidth
        throughput                                : 240 MBytes/s

    Clock
        HTCORE                                    : 1134 MHz
        HC                                        : 1809 MHz
        VPUE                                      : 544 MHz
        VPUD                                      : 534 MHz

GPU#3  X201  0000:d6:00.0
                         Cu Usage
Index  0   1   2   3   4   5   6   7   8   9   10  11  12  
dpu0   0   0   0   0   0   0   0   0   0   0   0   0   0   
dpu1   0   0   0   0   0   0   0   0   0   0   0   0   0   
dpu2   0   0   0   0   0   0   0   0   0   0   0   0   0   
dpu3   0   0   0   0   0   0   0   0   0   0   0   0   0   
dpu4   0   0   0   0   0   0   0   0   0   0   0   0   0   
dpu5   0   0   0   0   0   0   0   0   0   0   0   0   0   
dpu6   0   0   0   0   0   0   0   0   0   0   0   0   0   
dpu7   0   0   0   0   0   0   0   0   0   0   0   0   0   

    Memory
        vis_vram total                            : 67108864 KB
        vis_vram used                             : 5168128 KB
        vis_vram usage                            : 7.7 %
        vram total                                : 67108864 KB
        vram used                                 : 5168128 KB
        vram usage                                : 7.7 %
        xtt total                                 : 802959600 KB
        xtt used                                  : 865920 KB
        xtt usage                                 : 0.1 %

    Utilization
        GPU                                       : 0 %
        VPUE                                      : 0 %
        VPUD                                      : 0 %

    Hbm Bandwidth
        throughput                                : 258 MBytes/s

    Clock
        HTCORE                                    : 1134 MHz
        HC                                        : 1809 MHz
        VPUE                                      : 544 MHz
        VPUD                                      : 534 MHz

End of Log
===== SAMPLE_14 22:16:55 =====
ht-smi  version: 2.2.12

=================== Mars System Management Interface Log ===================
Timestamp                                         : Fri Oct  2 22:16:55 2026

Attached GPUs                                     : 4
GPU#0  X201  0000:96:00.0
                         Cu Usage
Index  0   1   2   3   4   5   6   7   8   9   10  11  12  
dpu0   0   0   0   0   0   0   0   0   0   0   0   0   0   
dpu1   0   0   0   0   0   0   0   0   0   0   0   0   0   
dpu2   0   0   0   0   0   0   0   0   0   0   0   0   0   
dpu3   0   0   0   0   0   0   0   0   0   0   0   0   0   
dpu4   0   0   0   0   0   0   0   0   0   0   0   0   0   
dpu5   0   0   0   0   0   0   0   0   0   0   0   0   0   
dpu6   0   0   0   0   0   0   0   0   0   0   0   0   0   
dpu7   0   0   0   0   0   0   0   0   0   0   0   0   0   

    Memory
        vis_vram total                            : 67108864 KB
        vis_vram used                             : 4614656 KB
        vis_vram usage                            : 6.8 %
        vram total                                : 67108864 KB
        vram used                                 : 4614656 KB
        vram usage                                : 6.8 %
        xtt total                                 : 802959600 KB
        xtt used                                  : 808576 KB
        xtt usage                                 : 0.1 %

    Utilization
        GPU                                       : 0 %
        VPUE                                      : 0 %
        VPUD                                      : 0 %

    Hbm Bandwidth
        throughput                                : 124 MBytes/s

    Clock
        HTCORE                                    : 1134 MHz
        HC                                        : 1809 MHz
        VPUE                                      : 544 MHz
        VPUD                                      : 534 MHz

GPU#1  X201  0000:ab:00.0
                         Cu Usage
Index  0   1   2   3   4   5   6   7   8   9   10  11  12  
dpu0   0   0   0   0   0   0   0   0   0   0   0   0   0   
dpu1   0   0   0   0   0   0   0   0   0   0   0   0   0   
dpu2   0   0   0   0   0   0   0   0   0   0   0   0   0   
dpu3   0   0   0   0   0   0   0   0   0   0   0   0   0   
dpu4   0   0   0   0   0   0   0   0   0   0   0   0   0   
dpu5   0   0   0   0   0   0   0   0   0   0   0   0   0   
dpu6   0   0   0   0   0   0   0   0   0   0   0   0   0   
dpu7   0   0   0   0   0   0   0   0   0   0   0   0   0   

    Memory
        vis_vram total                            : 67108864 KB
        vis_vram used                             : 5696704 KB
        vis_vram usage                            : 8.4 %
        vram total                                : 67108864 KB
        vram used                                 : 5696704 KB
        vram usage                                : 8.4 %
        xtt total                                 : 802959600 KB
        xtt used                                  : 894592 KB
        xtt usage                                 : 0.1 %

    Utilization
        GPU                                       : 0 %
        VPUE                                      : 0 %
        VPUD                                      : 0 %

    Hbm Bandwidth
        throughput                                : 236 MBytes/s

    Clock
        HTCORE                                    : 1134 MHz
        HC                                        : 1809 MHz
        VPUE                                      : 544 MHz
        VPUD                                      : 534 MHz

GPU#2  X201  0000:c1:00.0
                         Cu Usage
Index  0   1   2   3   4   5   6   7   8   9   10  11  12  
dpu0   0   0   0   0   0   0   0   0   0   0   0   0   0   
dpu1   0   0   0   0   0   0   0   0   0   0   0   0   0   
dpu2   0   0   0   0   0   0   0   0   0   0   0   0   0   
dpu3   0   0   0   0   0   0   0   0   0   0   0   0   0   
dpu4   0   0   0   0   0   0   0   0   0   0   0   0   0   
dpu5   0   0   0   0   0   0   0   0   0   0   0   0   0   
dpu6   0   0   0   0   0   0   0   0   0   0   0   0   0   
dpu7   0   0   0   0   0   0   0   0   0   0   0   0   0   

    Memory
        vis_vram total                            : 67108864 KB
        vis_vram used                             : 5254528 KB
        vis_vram usage                            : 7.8 %
        vram total                                : 67108864 KB
        vram used                                 : 5254528 KB
        vram usage                                : 7.8 %
        xtt total                                 : 802959600 KB
        xtt used                                  : 851584 KB
        xtt usage                                 : 0.1 %

    Utilization
        GPU                                       : 0 %
        VPUE                                      : 0 %
        VPUD                                      : 0 %

    Hbm Bandwidth
        throughput                                : 205 MBytes/s

    Clock
        HTCORE                                    : 1134 MHz
        HC                                        : 1809 MHz
        VPUE                                      : 544 MHz
        VPUD                                      : 534 MHz

GPU#3  X201  0000:d6:00.0
                         Cu Usage
Index  0   1   2   3   4   5   6   7   8   9   10  11  12  
dpu0   0   0   0   0   0   0   0   0   0   0   0   0   0   
dpu1   0   0   0   0   0   0   0   0   0   0   0   0   0   
dpu2   0   0   0   0   0   0   0   0   0   0   0   0   0   
dpu3   0   0   0   0   0   0   0   0   0   0   0   0   0   
dpu4   0   0   0   0   0   0   0   0   0   0   0   0   0   
dpu5   0   0   0   0   0   0   0   0   0   0   0   0   0   
dpu6   0   0   0   0   0   0   0   0   0   0   0   0   0   
dpu7   0   0   0   0   0   0   0   0   0   0   0   0   0   

    Memory
        vis_vram total                            : 67108864 KB
        vis_vram used                             : 5692608 KB
        vis_vram usage                            : 8.4 %
        vram total                                : 67108864 KB
        vram used                                 : 5692608 KB
        vram usage                                : 8.4 %
        xtt total                                 : 802959600 KB
        xtt used                                  : 908928 KB
        xtt usage                                 : 0.1 %

    Utilization
        GPU                                       : 0 %
        VPUE                                      : 0 %
        VPUD                                      : 0 %

    Hbm Bandwidth
        throughput                                : 317 MBytes/s

    Clock
        HTCORE                                    : 1134 MHz
        HC                                        : 1809 MHz
        VPUE                                      : 544 MHz
        VPUD                                      : 534 MHz

End of Log
===== SAMPLE_15 22:16:58 =====
ht-smi  version: 2.2.12

=================== Mars System Management Interface Log ===================
Timestamp                                         : Fri Oct  2 22:16:58 2026

Attached GPUs                                     : 4
GPU#0  X201  0000:96:00.0
                         Cu Usage
Index  0   1   2   3   4   5   6   7   8   9   10  11  12  
dpu0   0   0   0   0   0   0   0   0   0   0   0   0   0   
dpu1   0   0   0   0   0   0   0   0   0   0   0   0   0   
dpu2   0   0   0   0   0   0   0   0   0   0   0   0   0   
dpu3   0   0   0   0   0   0   0   0   0   0   0   0   0   
dpu4   0   0   0   0   0   0   0   0   0   0   0   0   0   
dpu5   0   0   0   0   0   0   0   0   0   0   0   0   0   
dpu6   0   0   0   0   0   0   0   0   0   0   0   0   0   
dpu7   0   0   0   0   0   0   0   0   0   0   0   0   0   

    Memory
        vis_vram total                            : 67108864 KB
        vis_vram used                             : 4614912 KB
        vis_vram usage                            : 6.8 %
        vram total                                : 67108864 KB
        vram used                                 : 4614912 KB
        vram usage                                : 6.8 %
        xtt total                                 : 802959600 KB
        xtt used                                  : 880256 KB
        xtt usage                                 : 0.1 %

    Utilization
        GPU                                       : 0 %
        VPUE                                      : 0 %
        VPUD                                      : 0 %

    Hbm Bandwidth
        throughput                                : 115 MBytes/s

    Clock
        HTCORE                                    : 1134 MHz
        HC                                        : 1809 MHz
        VPUE                                      : 544 MHz
        VPUD                                      : 534 MHz

GPU#1  X201  0000:ab:00.0
                         Cu Usage
Index  0   1   2   3   4   5   6   7   8   9   10  11  12  
dpu0   0   0   0   0   0   0   0   0   0   0   0   0   0   
dpu1   0   0   0   0   0   0   0   0   0   0   0   0   0   
dpu2   0   0   0   0   0   0   0   0   0   0   0   0   0   
dpu3   0   0   0   0   0   0   0   0   0   0   0   0   0   
dpu4   0   0   0   0   0   0   0   0   0   0   0   0   0   
dpu5   0   0   0   0   0   0   0   0   0   0   0   0   0   
dpu6   0   0   0   0   0   0   0   0   0   0   0   0   0   
dpu7   0   0   0   0   0   0   0   0   0   0   0   0   0   

    Memory
        vis_vram total                            : 67108864 KB
        vis_vram used                             : 5696704 KB
        vis_vram usage                            : 8.4 %
        vram total                                : 67108864 KB
        vram used                                 : 5696704 KB
        vram usage                                : 8.4 %
        xtt total                                 : 802959600 KB
        xtt used                                  : 851584 KB
        xtt usage                                 : 0.1 %

    Utilization
        GPU                                       : 0 %
        VPUE                                      : 0 %
        VPUD                                      : 0 %

    Hbm Bandwidth
        throughput                                : 230 MBytes/s

    Clock
        HTCORE                                    : 1134 MHz
        HC                                        : 1809 MHz
        VPUE                                      : 544 MHz
        VPUD                                      : 534 MHz

GPU#2  X201  0000:c1:00.0
                         Cu Usage
Index  0   1   2   3   4   5   6   7   8   9   10  11  12  
dpu0   0   0   0   0   0   0   0   0   0   0   0   0   0   
dpu1   0   0   0   0   0   0   0   0   0   0   0   0   0   
dpu2   0   0   0   0   0   0   0   0   0   0   0   0   0   
dpu3   0   0   0   0   0   0   0   0   0   0   0   0   0   
dpu4   0   0   0   0   0   0   0   0   0   0   0   0   0   
dpu5   0   0   0   0   0   0   0   0   0   0   0   0   0   
dpu6   0   0   0   0   0   0   0   0   0   0   0   0   0   
dpu7   0   0   0   0   0   0   0   0   0   0   0   0   0   

    Memory
        vis_vram total                            : 67108864 KB
        vis_vram used                             : 6302784 KB
        vis_vram usage                            : 9.3 %
        vram total                                : 67108864 KB
        vram used                                 : 6302784 KB
        vram usage                                : 9.3 %
        xtt total                                 : 802959600 KB
        xtt used                                  : 880256 KB
        xtt usage                                 : 0.1 %

    Utilization
        GPU                                       : 0 %
        VPUE                                      : 0 %
        VPUD                                      : 0 %

    Hbm Bandwidth
        throughput                                : 306 MBytes/s

    Clock
        HTCORE                                    : 1134 MHz
        HC                                        : 1809 MHz
        VPUE                                      : 544 MHz
        VPUD                                      : 534 MHz

GPU#3  X201  0000:d6:00.0
                         Cu Usage
Index  0   1   2   3   4   5   6   7   8   9   10  11  12  
dpu0   0   0   0   0   0   0   0   0   0   0   0   0   0   
dpu1   0   0   0   0   0   0   0   0   0   0   0   0   0   
dpu2   0   0   0   0   0   0   0   0   0   0   0   0   0   
dpu3   0   0   0   0   0   0   0   0   0   0   0   0   0   
dpu4   0   0   0   0   0   0   0   0   0   0   0   0   0   
dpu5   0   0   0   0   0   0   0   0   0   0   0   0   0   
dpu6   0   0   0   0   0   0   0   0   0   0   0   0   0   
dpu7   0   0   0   0   0   0   0   0   0   0   0   0   0   

    Memory
        vis_vram total                            : 67108864 KB
        vis_vram used                             : 6217088 KB
        vis_vram usage                            : 9.2 %
        vram total                                : 67108864 KB
        vram used                                 : 6217088 KB
        vram usage                                : 9.2 %
        xtt total                                 : 802959600 KB
        xtt used                                  : 880256 KB
        xtt usage                                 : 0.1 %

    Utilization
        GPU                                       : 0 %
        VPUE                                      : 0 %
        VPUD                                      : 0 %

    Hbm Bandwidth
        throughput                                : 278 MBytes/s

    Clock
        HTCORE                                    : 1134 MHz
        HC                                        : 1809 MHz
        VPUE                                      : 544 MHz
        VPUD                                      : 534 MHz

End of Log
===== SAMPLE_16 22:17:01 =====
ht-smi  version: 2.2.12

=================== Mars System Management Interface Log ===================
Timestamp                                         : Fri Oct  2 22:17:01 2026

Attached GPUs                                     : 4
GPU#0  X201  0000:96:00.0
                         Cu Usage
Index  0   1   2   3   4   5   6   7   8   9   10  11  12  
dpu0   0   0   0   0   0   0   0   0   0   0   0   0   0   
dpu1   0   0   0   0   0   0   0   0   0   0   0   0   0   
dpu2   0   0   0   0   0   0   0   0   0   0   0   0   0   
dpu3   0   0   0   0   0   0   0   0   0   0   0   0   0   
dpu4   0   0   0   0   0   0   0   0   0   0   0   0   0   
dpu5   0   0   0   0   0   0   0   0   0   0   0   0   0   
dpu6   0   0   0   0   0   0   0   0   0   0   0   0   0   
dpu7   0   0   0   0   0   0   0   0   0   0   0   0   0   

    Memory
        vis_vram total                            : 67108864 KB
        vis_vram used                             : 4614784 KB
        vis_vram usage                            : 6.8 %
        vram total                                : 67108864 KB
        vram used                                 : 4614784 KB
        vram usage                                : 6.8 %
        xtt total                                 : 802959600 KB
        xtt used                                  : 880256 KB
        xtt usage                                 : 0.1 %

    Utilization
        GPU                                       : 0 %
        VPUE                                      : 0 %
        VPUD                                      : 0 %

    Hbm Bandwidth
        throughput                                : 128 MBytes/s

    Clock
        HTCORE                                    : 1134 MHz
        HC                                        : 1809 MHz
        VPUE                                      : 544 MHz
        VPUD                                      : 534 MHz

GPU#1  X201  0000:ab:00.0
                         Cu Usage
Index  0   1   2   3   4   5   6   7   8   9   10  11  12  
dpu0   0   0   0   0   0   0   0   0   0   0   0   0   0   
dpu1   0   0   0   0   0   0   0   0   0   0   0   0   0   
dpu2   0   0   0   0   0   0   0   0   0   0   0   0   0   
dpu3   0   0   0   0   0   0   0   0   0   0   0   0   0   
dpu4   0   0   0   0   0   0   0   0   0   0   0   0   0   
dpu5   0   0   0   0   0   0   0   0   0   0   0   0   0   
dpu6   0   0   0   0   0   0   0   0   0   0   0   0   0   
dpu7   0   0   0   0   0   0   0   0   0   0   0   0   0   

    Memory
        vis_vram total                            : 67108864 KB
        vis_vram used                             : 5696960 KB
        vis_vram usage                            : 8.4 %
        vram total                                : 67108864 KB
        vram used                                 : 5696960 KB
        vram usage                                : 8.4 %
        xtt total                                 : 802959600 KB
        xtt used                                  : 923264 KB
        xtt usage                                 : 0.1 %

    Utilization
        GPU                                       : 0 %
        VPUE                                      : 0 %
        VPUD                                      : 0 %

    Hbm Bandwidth
        throughput                                : 235 MBytes/s

    Clock
        HTCORE                                    : 1134 MHz
        HC                                        : 1809 MHz
        VPUE                                      : 544 MHz
        VPUD                                      : 534 MHz

GPU#2  X201  0000:c1:00.0
                         Cu Usage
Index  0   1   2   3   4   5   6   7   8   9   10  11  12  
dpu0   0   0   0   0   0   0   0   0   0   0   0   0   0   
dpu1   0   0   0   0   0   0   0   0   0   0   0   0   0   
dpu2   0   0   0   0   0   0   0   0   0   0   0   0   0   
dpu3   0   0   0   0   0   0   0   0   0   0   0   0   0   
dpu4   0   0   0   0   0   0   0   0   0   0   0   0   0   
dpu5   0   0   0   0   0   0   0   0   0   0   0   0   0   
dpu6   0   0   0   0   0   0   0   0   0   0   0   0   0   
dpu7   0   0   0   0   0   0   0   0   0   0   0   0   0   

    Memory
        vis_vram total                            : 67108864 KB
        vis_vram used                             : 6303168 KB
        vis_vram usage                            : 9.3 %
        vram total                                : 67108864 KB
        vram used                                 : 6303168 KB
        vram usage                                : 9.3 %
        xtt total                                 : 802959600 KB
        xtt used                                  : 908928 KB
        xtt usage                                 : 0.1 %

    Utilization
        GPU                                       : 0 %
        VPUE                                      : 0 %
        VPUD                                      : 0 %

    Hbm Bandwidth
        throughput                                : 221 MBytes/s

    Clock
        HTCORE                                    : 1134 MHz
        HC                                        : 1809 MHz
        VPUE                                      : 544 MHz
        VPUD                                      : 534 MHz

GPU#3  X201  0000:d6:00.0
                         Cu Usage
Index  0   1   2   3   4   5   6   7   8   9   10  11  12  
dpu0   0   0   0   0   0   0   0   0   0   0   0   0   0   
dpu1   0   0   0   0   0   0   0   0   0   0   0   0   0   
dpu2   0   0   0   0   0   0   0   0   0   0   0   0   0   
dpu3   0   0   0   0   0   0   0   0   0   0   0   0   0   
dpu4   0   0   0   0   0   0   0   0   0   0   0   0   0   
dpu5   0   0   0   0   0   0   0   0   0   0   0   0   0   
dpu6   0   0   0   0   0   0   0   0   0   0   0   0   0   
dpu7   0   0   0   0   0   0   0   0   0   0   0   0   0   

    Memory
        vis_vram total                            : 67108864 KB
        vis_vram used                             : 6216704 KB
        vis_vram usage                            : 9.2 %
        vram total                                : 67108864 KB
        vram used                                 : 6216704 KB
        vram usage                                : 9.2 %
        xtt total                                 : 802959600 KB
        xtt used                                  : 865920 KB
        xtt usage                                 : 0.1 %

    Utilization
        GPU                                       : 0 %
        VPUE                                      : 0 %
        VPUD                                      : 0 %

    Hbm Bandwidth
        throughput                                : 245 MBytes/s

    Clock
        HTCORE                                    : 1134 MHz
        HC                                        : 1809 MHz
        VPUE                                      : 544 MHz
        VPUD                                      : 534 MHz

End of Log
===== SAMPLE_17 22:17:04 =====
ht-smi  version: 2.2.12

=================== Mars System Management Interface Log ===================
Timestamp                                         : Fri Oct  2 22:17:04 2026

Attached GPUs                                     : 4
GPU#0  X201  0000:96:00.0
                         Cu Usage
Index  0   1   2   3   4   5   6   7   8   9   10  11  12  
dpu0   0   0   0   0   0   0   0   0   0   0   0   0   0   
dpu1   0   0   0   0   0   0   0   0   0   0   0   0   0   
dpu2   0   0   0   0   0   0   0   0   0   0   0   0   0   
dpu3   0   0   0   0   0   0   0   0   0   0   0   0   0   
dpu4   0   0   0   0   0   0   0   0   0   0   0   0   0   
dpu5   0   0   0   0   0   0   0   0   0   0   0   0   0   
dpu6   0   0   0   0   0   0   0   0   0   0   0   0   0   
dpu7   0   0   0   0   0   0   0   0   0   0   0   0   0   

    Memory
        vis_vram total                            : 67108864 KB
        vis_vram used                             : 4614592 KB
        vis_vram usage                            : 6.8 %
        vram total                                : 67108864 KB
        vram used                                 : 4614592 KB
        vram usage                                : 6.8 %
        xtt total                                 : 802959600 KB
        xtt used                                  : 837248 KB
        xtt usage                                 : 0.1 %

    Utilization
        GPU                                       : 0 %
        VPUE                                      : 0 %
        VPUD                                      : 0 %

    Hbm Bandwidth
        throughput                                : 162 MBytes/s

    Clock
        HTCORE                                    : 1134 MHz
        HC                                        : 1809 MHz
        VPUE                                      : 544 MHz
        VPUD                                      : 534 MHz

GPU#1  X201  0000:ab:00.0
                         Cu Usage
Index  0   1   2   3   4   5   6   7   8   9   10  11  12  
dpu0   0   0   0   0   0   0   0   0   0   0   0   0   0   
dpu1   0   0   0   0   0   0   0   0   0   0   0   0   0   
dpu2   0   0   0   0   0   0   0   0   0   0   0   0   0   
dpu3   0   0   0   0   0   0   0   0   0   0   0   0   0   
dpu4   0   0   0   0   0   0   0   0   0   0   0   0   0   
dpu5   0   0   0   0   0   0   0   0   0   0   0   0   0   
dpu6   0   0   0   0   0   0   0   0   0   0   0   0   0   
dpu7   0   0   0   0   0   0   0   0   0   0   0   0   0   

    Memory
        vis_vram total                            : 67108864 KB
        vis_vram used                             : 5697408 KB
        vis_vram usage                            : 8.4 %
        vram total                                : 67108864 KB
        vram used                                 : 5697408 KB
        vram usage                                : 8.4 %
        xtt total                                 : 802959600 KB
        xtt used                                  : 851584 KB
        xtt usage                                 : 0.1 %

    Utilization
        GPU                                       : 0 %
        VPUE                                      : 0 %
        VPUD                                      : 0 %

    Hbm Bandwidth
        throughput                                : 174 MBytes/s

    Clock
        HTCORE                                    : 1134 MHz
        HC                                        : 1809 MHz
        VPUE                                      : 544 MHz
        VPUD                                      : 534 MHz

GPU#2  X201  0000:c1:00.0
                         Cu Usage
Index  0   1   2   3   4   5   6   7   8   9   10  11  12  
dpu0   0   0   0   0   0   0   0   0   0   0   0   0   0   
dpu1   0   0   0   0   0   0   0   0   0   0   0   0   0   
dpu2   0   0   0   0   0   0   0   0   0   0   0   0   0   
dpu3   0   0   0   0   0   0   0   0   0   0   0   0   0   
dpu4   0   0   0   0   0   0   0   0   0   0   0   0   0   
dpu5   0   0   0   0   0   0   0   0   0   0   0   0   0   
dpu6   0   0   0   0   0   0   0   0   0   0   0   0   0   
dpu7   0   0   0   0   0   0   0   0   0   0   0   0   0   

    Memory
        vis_vram total                            : 67108864 KB
        vis_vram used                             : 6827712 KB
        vis_vram usage                            : 10.1 %
        vram total                                : 67108864 KB
        vram used                                 : 6827712 KB
        vram usage                                : 10.1 %
        xtt total                                 : 802959600 KB
        xtt used                                  : 851584 KB
        xtt usage                                 : 0.1 %

    Utilization
        GPU                                       : 0 %
        VPUE                                      : 0 %
        VPUD                                      : 0 %

    Hbm Bandwidth
        throughput                                : 289 MBytes/s

    Clock
        HTCORE                                    : 1134 MHz
        HC                                        : 1809 MHz
        VPUE                                      : 544 MHz
        VPUD                                      : 534 MHz

GPU#3  X201  0000:d6:00.0
                         Cu Usage
Index  0   1   2   3   4   5   6   7   8   9   10  11  12  
dpu0   0   0   0   0   0   0   0   0   0   0   0   0   0   
dpu1   0   0   0   0   0   0   0   0   0   0   0   0   0   
dpu2   0   0   0   0   0   0   0   0   0   0   0   0   0   
dpu3   0   0   0   0   0   0   0   0   0   0   0   0   0   
dpu4   0   0   0   0   0   0   0   0   0   0   0   0   0   
dpu5   0   0   0   0   0   0   0   0   0   0   0   0   0   
dpu6   0   0   0   0   0   0   0   0   0   0   0   0   0   
dpu7   0   0   0   0   0   0   0   0   0   0   0   0   0   

    Memory
        vis_vram total                            : 67108864 KB
        vis_vram used                             : 6740864 KB
        vis_vram usage                            : 10 %
        vram total                                : 67108864 KB
        vram used                                 : 6740864 KB
        vram usage                                : 10 %
        xtt total                                 : 802959600 KB
        xtt used                                  : 865920 KB
        xtt usage                                 : 0.1 %

    Utilization
        GPU                                       : 0 %
        VPUE                                      : 0 %
        VPUD                                      : 0 %

    Hbm Bandwidth
        throughput                                : 284 MBytes/s

    Clock
        HTCORE                                    : 1134 MHz
        HC                                        : 1809 MHz
        VPUE                                      : 544 MHz
        VPUD                                      : 534 MHz

End of Log
===== SAMPLE_18 22:17:07 =====
ht-smi  version: 2.2.12

=================== Mars System Management Interface Log ===================
Timestamp                                         : Fri Oct  2 22:17:07 2026

Attached GPUs                                     : 4
GPU#0  X201  0000:96:00.0
                         Cu Usage
Index  0   1   2   3   4   5   6   7   8   9   10  11  12  
dpu0   0   0   0   0   0   0   0   0   0   0   0   0   0   
dpu1   0   0   0   0   0   0   0   0   0   0   0   0   0   
dpu2   0   0   0   0   0   0   0   0   0   0   0   0   0   
dpu3   0   0   0   0   0   0   0   0   0   0   0   0   0   
dpu4   0   0   0   0   0   0   0   0   0   0   0   0   0   
dpu5   0   0   0   0   0   0   0   0   0   0   0   0   0   
dpu6   0   0   0   0   0   0   0   0   0   0   0   0   0   
dpu7   0   0   0   0   0   0   0   0   0   0   0   0   0   

    Memory
        vis_vram total                            : 67108864 KB
        vis_vram used                             : 4614784 KB
        vis_vram usage                            : 6.8 %
        vram total                                : 67108864 KB
        vram used                                 : 4614784 KB
        vram usage                                : 6.8 %
        xtt total                                 : 802959600 KB
        xtt used                                  : 865920 KB
        xtt usage                                 : 0.1 %

    Utilization
        GPU                                       : 0 %
        VPUE                                      : 0 %
        VPUD                                      : 0 %

    Hbm Bandwidth
        throughput                                : 110 MBytes/s

    Clock
        HTCORE                                    : 1134 MHz
        HC                                        : 1809 MHz
        VPUE                                      : 544 MHz
        VPUD                                      : 534 MHz

GPU#1  X201  0000:ab:00.0
                         Cu Usage
Index  0   1   2   3   4   5   6   7   8   9   10  11  12  
dpu0   0   0   0   0   0   0   0   0   0   0   0   0   0   
dpu1   0   0   0   0   0   0   0   0   0   0   0   0   0   
dpu2   0   0   0   0   0   0   0   0   0   0   0   0   0   
dpu3   0   0   0   0   0   0   0   0   0   0   0   0   0   
dpu4   0   0   0   0   0   0   0   0   0   0   0   0   0   
dpu5   0   0   0   0   0   0   0   0   0   0   0   0   0   
dpu6   0   0   0   0   0   0   0   0   0   0   0   0   0   
dpu7   0   0   0   0   0   0   0   0   0   0   0   0   0   

    Memory
        vis_vram total                            : 67108864 KB
        vis_vram used                             : 6220800 KB
        vis_vram usage                            : 9.2 %
        vram total                                : 67108864 KB
        vram used                                 : 6220800 KB
        vram usage                                : 9.2 %
        xtt total                                 : 802959600 KB
        xtt used                                  : 837248 KB
        xtt usage                                 : 0.1 %

    Utilization
        GPU                                       : 0 %
        VPUE                                      : 0 %
        VPUD                                      : 0 %

    Hbm Bandwidth
        throughput                                : 281 MBytes/s

    Clock
        HTCORE                                    : 1134 MHz
        HC                                        : 1809 MHz
        VPUE                                      : 544 MHz
        VPUD                                      : 534 MHz

GPU#2  X201  0000:c1:00.0
                         Cu Usage
Index  0   1   2   3   4   5   6   7   8   9   10  11  12  
dpu0   0   0   0   0   0   0   0   0   0   0   0   0   0   
dpu1   0   0   0   0   0   0   0   0   0   0   0   0   0   
dpu2   0   0   0   0   0   0   0   0   0   0   0   0   0   
dpu3   0   0   0   0   0   0   0   0   0   0   0   0   0   
dpu4   0   0   0   0   0   0   0   0   0   0   0   0   0   
dpu5   0   0   0   0   0   0   0   0   0   0   0   0   0   
dpu6   0   0   0   0   0   0   0   0   0   0   0   0   0   
dpu7   0   0   0   0   0   0   0   0   0   0   0   0   0   

    Memory
        vis_vram total                            : 67108864 KB
        vis_vram used                             : 7351744 KB
        vis_vram usage                            : 10.9 %
        vram total                                : 67108864 KB
        vram used                                 : 7351744 KB
        vram usage                                : 10.9 %
        xtt total                                 : 802959600 KB
        xtt used                                  : 837248 KB
        xtt usage                                 : 0.1 %

    Utilization
        GPU                                       : 0 %
        VPUE                                      : 0 %
        VPUD                                      : 0 %

    Hbm Bandwidth
        throughput                                : 234 MBytes/s

    Clock
        HTCORE                                    : 1134 MHz
        HC                                        : 1809 MHz
        VPUE                                      : 544 MHz
        VPUD                                      : 534 MHz

GPU#3  X201  0000:d6:00.0
                         Cu Usage
Index  0   1   2   3   4   5   6   7   8   9   10  11  12  
dpu0   0   0   0   0   0   0   0   0   0   0   0   0   0   
dpu1   0   0   0   0   0   0   0   0   0   0   0   0   0   
dpu2   0   0   0   0   0   0   0   0   0   0   0   0   0   
dpu3   0   0   0   0   0   0   0   0   0   0   0   0   0   
dpu4   0   0   0   0   0   0   0   0   0   0   0   0   0   
dpu5   0   0   0   0   0   0   0   0   0   0   0   0   0   
dpu6   0   0   0   0   0   0   0   0   0   0   0   0   0   
dpu7   0   0   0   0   0   0   0   0   0   0   0   0   0   

    Memory
        vis_vram total                            : 67108864 KB
        vis_vram used                             : 7265216 KB
        vis_vram usage                            : 10.8 %
        vram total                                : 67108864 KB
        vram used                                 : 7265216 KB
        vram usage                                : 10.8 %
        xtt total                                 : 802959600 KB
        xtt used                                  : 837248 KB
        xtt usage                                 : 0.1 %

    Utilization
        GPU                                       : 0 %
        VPUE                                      : 0 %
        VPUD                                      : 0 %

    Hbm Bandwidth
        throughput                                : 162 MBytes/s

    Clock
        HTCORE                                    : 1134 MHz
        HC                                        : 1809 MHz
        VPUE                                      : 544 MHz
        VPUD                                      : 534 MHz

End of Log
===== SAMPLE_19 22:17:10 =====
ht-smi  version: 2.2.12

=================== Mars System Management Interface Log ===================
Timestamp                                         : Fri Oct  2 22:17:10 2026

Attached GPUs                                     : 4
GPU#0  X201  0000:96:00.0
                         Cu Usage
Index  0   1   2   3   4   5   6   7   8   9   10  11  12  
dpu0   0   0   0   0   0   0   0   0   0   0   0   0   0   
dpu1   0   0   0   0   0   0   0   0   0   0   0   0   0   
dpu2   0   0   0   0   0   0   0   0   0   0   0   0   0   
dpu3   0   0   0   0   0   0   0   0   0   0   0   0   0   
dpu4   0   0   0   0   0   0   0   0   0   0   0   0   0   
dpu5   0   0   0   0   0   0   0   0   0   0   0   0   0   
dpu6   0   0   0   0   0   0   0   0   0   0   0   0   0   
dpu7   0   0   0   0   0   0   0   0   0   0   0   0   0   

    Memory
        vis_vram total                            : 67108864 KB
        vis_vram used                             : 4615104 KB
        vis_vram usage                            : 6.8 %
        vram total                                : 67108864 KB
        vram used                                 : 4615104 KB
        vram usage                                : 6.8 %
        xtt total                                 : 802959600 KB
        xtt used                                  : 908928 KB
        xtt usage                                 : 0.1 %

    Utilization
        GPU                                       : 0 %
        VPUE                                      : 0 %
        VPUD                                      : 0 %

    Hbm Bandwidth
        throughput                                : 157 MBytes/s

    Clock
        HTCORE                                    : 1134 MHz
        HC                                        : 1809 MHz
        VPUE                                      : 544 MHz
        VPUD                                      : 534 MHz

GPU#1  X201  0000:ab:00.0
                         Cu Usage
Index  0   1   2   3   4   5   6   7   8   9   10  11  12  
dpu0   0   0   0   0   0   0   0   0   0   0   0   0   0   
dpu1   0   0   0   0   0   0   0   0   0   0   0   0   0   
dpu2   0   0   0   0   0   0   0   0   0   0   0   0   0   
dpu3   0   0   0   0   0   0   0   0   0   0   0   0   0   
dpu4   0   0   0   0   0   0   0   0   0   0   0   0   0   
dpu5   0   0   0   0   0   0   0   0   0   0   0   0   0   
dpu6   0   0   0   0   0   0   0   0   0   0   0   0   0   
dpu7   0   0   0   0   0   0   0   0   0   0   0   0   0   

    Memory
        vis_vram total                            : 67108864 KB
        vis_vram used                             : 7270016 KB
        vis_vram usage                            : 10.8 %
        vram total                                : 67108864 KB
        vram used                                 : 7270016 KB
        vram usage                                : 10.8 %
        xtt total                                 : 802959600 KB
        xtt used                                  : 880256 KB
        xtt usage                                 : 0.1 %

    Utilization
        GPU                                       : 0 %
        VPUE                                      : 0 %
        VPUD                                      : 0 %

    Hbm Bandwidth
        throughput                                : 310 MBytes/s

    Clock
        HTCORE                                    : 1134 MHz
        HC                                        : 1809 MHz
        VPUE                                      : 544 MHz
        VPUD                                      : 534 MHz

GPU#2  X201  0000:c1:00.0
                         Cu Usage
Index  0   1   2   3   4   5   6   7   8   9   10  11  12  
dpu0   0   0   0   0   0   0   0   0   0   0   0   0   0   
dpu1   0   0   0   0   0   0   0   0   0   0   0   0   0   
dpu2   0   0   0   0   0   0   0   0   0   0   0   0   0   
dpu3   0   0   0   0   0   0   0   0   0   0   0   0   0   
dpu4   0   0   0   0   0   0   0   0   0   0   0   0   0   
dpu5   0   0   0   0   0   0   0   0   0   0   0   0   0   
dpu6   0   0   0   0   0   0   0   0   0   0   0   0   0   
dpu7   0   0   0   0   0   0   0   0   0   0   0   0   0   

    Memory
        vis_vram total                            : 67108864 KB
        vis_vram used                             : 7351168 KB
        vis_vram usage                            : 10.9 %
        vram total                                : 67108864 KB
        vram used                                 : 7351168 KB
        vram usage                                : 10.9 %
        xtt total                                 : 802959600 KB
        xtt used                                  : 851584 KB
        xtt usage                                 : 0.1 %

    Utilization
        GPU                                       : 0 %
        VPUE                                      : 0 %
        VPUD                                      : 0 %

    Hbm Bandwidth
        throughput                                : 274 MBytes/s

    Clock
        HTCORE                                    : 1134 MHz
        HC                                        : 1809 MHz
        VPUE                                      : 544 MHz
        VPUD                                      : 534 MHz

GPU#3  X201  0000:d6:00.0
                         Cu Usage
Index  0   1   2   3   4   5   6   7   8   9   10  11  12  
dpu0   0   0   0   0   0   0   0   0   0   0   0   0   0   
dpu1   0   0   0   0   0   0   0   0   0   0   0   0   0   
dpu2   0   0   0   0   0   0   0   0   0   0   0   0   0   
dpu3   0   0   0   0   0   0   0   0   0   0   0   0   0   
dpu4   0   0   0   0   0   0   0   0   0   0   0   0   0   
dpu5   0   0   0   0   0   0   0   0   0   0   0   0   0   
dpu6   0   0   0   0   0   0   0   0   0   0   0   0   0   
dpu7   0   0   0   0   0   0   0   0   0   0   0   0   0   

    Memory
        vis_vram total                            : 67108864 KB
        vis_vram used                             : 7265856 KB
        vis_vram usage                            : 10.8 %
        vram total                                : 67108864 KB
        vram used                                 : 7265856 KB
        vram usage                                : 10.8 %
        xtt total                                 : 802959600 KB
        xtt used                                  : 851584 KB
        xtt usage                                 : 0.1 %

    Utilization
        GPU                                       : 0 %
        VPUE                                      : 0 %
        VPUD                                      : 0 %

    Hbm Bandwidth
        throughput                                : 285 MBytes/s

    Clock
        HTCORE                                    : 1134 MHz
        HC                                        : 1809 MHz
        VPUE                                      : 544 MHz
        VPUD                                      : 534 MHz

End of Log
===== SAMPLE_20 22:17:13 =====
ht-smi  version: 2.2.12

=================== Mars System Management Interface Log ===================
Timestamp                                         : Fri Oct  2 22:17:13 2026

Attached GPUs                                     : 4
GPU#0  X201  0000:96:00.0
                         Cu Usage
Index  0   1   2   3   4   5   6   7   8   9   10  11  12  
dpu0   0   0   0   0   0   0   0   0   0   0   0   0   0   
dpu1   0   0   0   0   0   0   0   0   0   0   0   0   0   
dpu2   0   0   0   0   0   0   0   0   0   0   0   0   0   
dpu3   0   0   0   0   0   0   0   0   0   0   0   0   0   
dpu4   0   0   0   0   0   0   0   0   0   0   0   0   0   
dpu5   0   0   0   0   0   0   0   0   0   0   0   0   0   
dpu6   0   0   0   0   0   0   0   0   0   0   0   0   0   
dpu7   0   0   0   0   0   0   0   0   0   0   0   0   0   

    Memory
        vis_vram total                            : 67108864 KB
        vis_vram used                             : 5139136 KB
        vis_vram usage                            : 7.6 %
        vram total                                : 67108864 KB
        vram used                                 : 5139136 KB
        vram usage                                : 7.6 %
        xtt total                                 : 802959600 KB
        xtt used                                  : 937600 KB
        xtt usage                                 : 0.1 %

    Utilization
        GPU                                       : 0 %
        VPUE                                      : 0 %
        VPUD                                      : 0 %

    Hbm Bandwidth
        throughput                                : 119 MBytes/s

    Clock
        HTCORE                                    : 1134 MHz
        HC                                        : 1809 MHz
        VPUE                                      : 544 MHz
        VPUD                                      : 534 MHz

GPU#1  X201  0000:ab:00.0
                         Cu Usage
Index  0   1   2   3   4   5   6   7   8   9   10  11  12  
dpu0   0   0   0   0   0   0   0   0   0   0   0   0   0   
dpu1   0   0   0   0   0   0   0   0   0   0   0   0   0   
dpu2   0   0   0   0   0   0   0   0   0   0   0   0   0   
dpu3   0   0   0   0   0   0   0   0   0   0   0   0   0   
dpu4   0   0   0   0   0   0   0   0   0   0   0   0   0   
dpu5   0   0   0   0   0   0   0   0   0   0   0   0   0   
dpu6   0   0   0   0   0   0   0   0   0   0   0   0   0   
dpu7   0   0   0   0   0   0   0   0   0   0   0   0   0   

    Memory
        vis_vram total                            : 67108864 KB
        vis_vram used                             : 7269440 KB
        vis_vram usage                            : 10.8 %
        vram total                                : 67108864 KB
        vram used                                 : 7269440 KB
        vram usage                                : 10.8 %
        xtt total                                 : 802959600 KB
        xtt used                                  : 894592 KB
        xtt usage                                 : 0.1 %

    Utilization
        GPU                                       : 0 %
        VPUE                                      : 0 %
        VPUD                                      : 0 %

    Hbm Bandwidth
        throughput                                : 241 MBytes/s

    Clock
        HTCORE                                    : 1134 MHz
        HC                                        : 1809 MHz
        VPUE                                      : 544 MHz
        VPUD                                      : 534 MHz

GPU#2  X201  0000:c1:00.0
                         Cu Usage
Index  0   1   2   3   4   5   6   7   8   9   10  11  12  
dpu0   0   0   0   0   0   0   0   0   0   0   0   0   0   
dpu1   0   0   0   0   0   0   0   0   0   0   0   0   0   
dpu2   0   0   0   0   0   0   0   0   0   0   0   0   0   
dpu3   0   0   0   0   0   0   0   0   0   0   0   0   0   
dpu4   0   0   0   0   0   0   0   0   0   0   0   0   0   
dpu5   0   0   0   0   0   0   0   0   0   0   0   0   0   
dpu6   0   0   0   0   0   0   0   0   0   0   0   0   0   
dpu7   0   0   0   0   0   0   0   0   0   0   0   0   0   

    Memory
        vis_vram total                            : 67108864 KB
        vis_vram used                             : 7351744 KB
        vis_vram usage                            : 10.9 %
        vram total                                : 67108864 KB
        vram used                                 : 7351744 KB
        vram usage                                : 10.9 %
        xtt total                                 : 802959600 KB
        xtt used                                  : 880256 KB
        xtt usage                                 : 0.1 %

    Utilization
        GPU                                       : 0 %
        VPUE                                      : 0 %
        VPUD                                      : 0 %

    Hbm Bandwidth
        throughput                                : 243 MBytes/s

    Clock
        HTCORE                                    : 1134 MHz
        HC                                        : 1809 MHz
        VPUE                                      : 544 MHz
        VPUD                                      : 534 MHz

GPU#3  X201  0000:d6:00.0
                         Cu Usage
Index  0   1   2   3   4   5   6   7   8   9   10  11  12  
dpu0   0   0   0   0   0   0   0   0   0   0   0   0   0   
dpu1   0   0   0   0   0   0   0   0   0   0   0   0   0   
dpu2   0   0   0   0   0   0   0   0   0   0   0   0   0   
dpu3   0   0   0   0   0   0   0   0   0   0   0   0   0   
dpu4   0   0   0   0   0   0   0   0   0   0   0   0   0   
dpu5   0   0   0   0   0   0   0   0   0   0   0   0   0   
dpu6   0   0   0   0   0   0   0   0   0   0   0   0   0   
dpu7   0   0   0   0   0   0   0   0   0   0   0   0   0   

    Memory
        vis_vram total                            : 67108864 KB
        vis_vram used                             : 7789568 KB
        vis_vram usage                            : 11.6 %
        vram total                                : 67108864 KB
        vram used                                 : 7789568 KB
        vram usage                                : 11.6 %
        xtt total                                 : 802959600 KB
        xtt used                                  : 894592 KB
        xtt usage                                 : 0.1 %

    Utilization
        GPU                                       : 0 %
        VPUE                                      : 0 %
        VPUD                                      : 0 %

    Hbm Bandwidth
        throughput                                : 272 MBytes/s

    Clock
        HTCORE                                    : 1134 MHz
        HC                                        : 1809 MHz
        VPUE                                      : 544 MHz
        VPUD                                      : 534 MHz

End of Log
===== SAMPLE_21 22:17:16 =====
ht-smi  version: 2.2.12

=================== Mars System Management Interface Log ===================
Timestamp                                         : Fri Oct  2 22:17:16 2026

Attached GPUs                                     : 4
GPU#0  X201  0000:96:00.0
                         Cu Usage
Index  0   1   2   3   4   5   6   7   8   9   10  11  12  
dpu0   0   0   0   0   0   0   0   0   0   0   0   0   0   
dpu1   0   0   0   0   0   0   0   0   0   0   0   0   0   
dpu2   0   0   0   0   0   0   0   0   0   0   0   0   0   
dpu3   0   0   0   0   0   0   0   0   0   0   0   0   0   
dpu4   0   0   0   0   0   0   0   0   0   0   0   0   0   
dpu5   0   0   0   0   0   0   0   0   0   0   0   0   0   
dpu6   0   0   0   0   0   0   0   0   0   0   0   0   0   
dpu7   0   0   0   0   0   0   0   0   0   0   0   0   0   

    Memory
        vis_vram total                            : 67108864 KB
        vis_vram used                             : 5139328 KB
        vis_vram usage                            : 7.6 %
        vram total                                : 67108864 KB
        vram used                                 : 5139328 KB
        vram usage                                : 7.6 %
        xtt total                                 : 802959600 KB
        xtt used                                  : 865920 KB
        xtt usage                                 : 0.1 %

    Utilization
        GPU                                       : 0 %
        VPUE                                      : 0 %
        VPUD                                      : 0 %

    Hbm Bandwidth
        throughput                                : 151 MBytes/s

    Clock
        HTCORE                                    : 1134 MHz
        HC                                        : 1809 MHz
        VPUE                                      : 544 MHz
        VPUD                                      : 534 MHz

GPU#1  X201  0000:ab:00.0
                         Cu Usage
Index  0   1   2   3   4   5   6   7   8   9   10  11  12  
dpu0   0   0   0   0   0   0   0   0   0   0   0   0   0   
dpu1   0   0   0   0   0   0   0   0   0   0   0   0   0   
dpu2   0   0   0   0   0   0   0   0   0   0   0   0   0   
dpu3   0   0   0   0   0   0   0   0   0   0   0   0   0   
dpu4   0   0   0   0   0   0   0   0   0   0   0   0   0   
dpu5   0   0   0   0   0   0   0   0   0   0   0   0   0   
dpu6   0   0   0   0   0   0   0   0   0   0   0   0   0   
dpu7   0   0   0   0   0   0   0   0   0   0   0   0   0   

    Memory
        vis_vram total                            : 67108864 KB
        vis_vram used                             : 7793536 KB
        vis_vram usage                            : 11.6 %
        vram total                                : 67108864 KB
        vram used                                 : 7793536 KB
        vram usage                                : 11.6 %
        xtt total                                 : 802959600 KB
        xtt used                                  : 851584 KB
        xtt usage                                 : 0.1 %

    Utilization
        GPU                                       : 0 %
        VPUE                                      : 0 %
        VPUD                                      : 0 %

    Hbm Bandwidth
        throughput                                : 203 MBytes/s

    Clock
        HTCORE                                    : 1134 MHz
        HC                                        : 1809 MHz
        VPUE                                      : 544 MHz
        VPUD                                      : 534 MHz

GPU#2  X201  0000:c1:00.0
                         Cu Usage
Index  0   1   2   3   4   5   6   7   8   9   10  11  12  
dpu0   0   0   0   0   0   0   0   0   0   0   0   0   0   
dpu1   0   0   0   0   0   0   0   0   0   0   0   0   0   
dpu2   0   0   0   0   0   0   0   0   0   0   0   0   0   
dpu3   0   0   0   0   0   0   0   0   0   0   0   0   0   
dpu4   0   0   0   0   0   0   0   0   0   0   0   0   0   
dpu5   0   0   0   0   0   0   0   0   0   0   0   0   0   
dpu6   0   0   0   0   0   0   0   0   0   0   0   0   0   
dpu7   0   0   0   0   0   0   0   0   0   0   0   0   0   

    Memory
        vis_vram total                            : 67108864 KB
        vis_vram used                             : 7351488 KB
        vis_vram usage                            : 10.9 %
        vram total                                : 67108864 KB
        vram used                                 : 7351488 KB
        vram usage                                : 10.9 %
        xtt total                                 : 802959600 KB
        xtt used                                  : 894592 KB
        xtt usage                                 : 0.1 %

    Utilization
        GPU                                       : 0 %
        VPUE                                      : 0 %
        VPUD                                      : 0 %

    Hbm Bandwidth
        throughput                                : 331 MBytes/s

    Clock
        HTCORE                                    : 1134 MHz
        HC                                        : 1809 MHz
        VPUE                                      : 544 MHz
        VPUD                                      : 534 MHz

GPU#3  X201  0000:d6:00.0
                         Cu Usage
Index  0   1   2   3   4   5   6   7   8   9   10  11  12  
dpu0   0   0   0   0   0   0   0   0   0   0   0   0   0   
dpu1   0   0   0   0   0   0   0   0   0   0   0   0   0   
dpu2   0   0   0   0   0   0   0   0   0   0   0   0   0   
dpu3   0   0   0   0   0   0   0   0   0   0   0   0   0   
dpu4   0   0   0   0   0   0   0   0   0   0   0   0   0   
dpu5   0   0   0   0   0   0   0   0   0   0   0   0   0   
dpu6   0   0   0   0   0   0   0   0   0   0   0   0   0   
dpu7   0   0   0   0   0   0   0   0   0   0   0   0   0   

    Memory
        vis_vram total                            : 67108864 KB
        vis_vram used                             : 7789568 KB
        vis_vram usage                            : 11.6 %
        vram total                                : 67108864 KB
        vram used                                 : 7789568 KB
        vram usage                                : 11.6 %
        xtt total                                 : 802959600 KB
        xtt used                                  : 894592 KB
        xtt usage                                 : 0.1 %

    Utilization
        GPU                                       : 0 %
        VPUE                                      : 0 %
        VPUD                                      : 0 %

    Hbm Bandwidth
        throughput                                : 203 MBytes/s

    Clock
        HTCORE                                    : 1134 MHz
        HC                                        : 1809 MHz
        VPUE                                      : 544 MHz
        VPUD                                      : 534 MHz

End of Log
===== SAMPLE_22 22:17:19 =====
ht-smi  version: 2.2.12

=================== Mars System Management Interface Log ===================
Timestamp                                         : Fri Oct  2 22:17:19 2026

Attached GPUs                                     : 4
GPU#0  X201  0000:96:00.0
                         Cu Usage
Index  0   1   2   3   4   5   6   7   8   9   10  11  12  
dpu0   0   0   0   0   0   0   0   0   0   0   0   0   0   
dpu1   0   0   0   0   0   0   0   0   0   0   0   0   0   
dpu2   0   0   0   0   0   0   0   0   0   0   0   0   0   
dpu3   0   0   0   0   0   0   0   0   0   0   0   0   0   
dpu4   0   0   0   0   0   0   0   0   0   0   0   0   0   
dpu5   0   0   0   0   0   0   0   0   0   0   0   0   0   
dpu6   0   0   0   0   0   0   0   0   0   0   0   0   0   
dpu7   0   0   0   0   0   0   0   0   0   0   0   0   0   

    Memory
        vis_vram total                            : 67108864 KB
        vis_vram used                             : 5139264 KB
        vis_vram usage                            : 7.6 %
        vram total                                : 67108864 KB
        vram used                                 : 5139264 KB
        vram usage                                : 7.6 %
        xtt total                                 : 802959600 KB
        xtt used                                  : 923264 KB
        xtt usage                                 : 0.1 %

    Utilization
        GPU                                       : 0 %
        VPUE                                      : 0 %
        VPUD                                      : 0 %

    Hbm Bandwidth
        throughput                                : 127 MBytes/s

    Clock
        HTCORE                                    : 1134 MHz
        HC                                        : 1809 MHz
        VPUE                                      : 544 MHz
        VPUD                                      : 534 MHz

GPU#1  X201  0000:ab:00.0
                         Cu Usage
Index  0   1   2   3   4   5   6   7   8   9   10  11  12  
dpu0   0   0   0   0   0   0   0   0   0   0   0   0   0   
dpu1   0   0   0   0   0   0   0   0   0   0   0   0   0   
dpu2   0   0   0   0   0   0   0   0   0   0   0   0   0   
dpu3   0   0   0   0   0   0   0   0   0   0   0   0   0   
dpu4   0   0   0   0   0   0   0   0   0   0   0   0   0   
dpu5   0   0   0   0   0   0   0   0   0   0   0   0   0   
dpu6   0   0   0   0   0   0   0   0   0   0   0   0   0   
dpu7   0   0   0   0   0   0   0   0   0   0   0   0   0   

    Memory
        vis_vram total                            : 67108864 KB
        vis_vram used                             : 7793344 KB
        vis_vram usage                            : 11.6 %
        vram total                                : 67108864 KB
        vram used                                 : 7793344 KB
        vram usage                                : 11.6 %
        xtt total                                 : 802959600 KB
        xtt used                                  : 865920 KB
        xtt usage                                 : 0.1 %

    Utilization
        GPU                                       : 0 %
        VPUE                                      : 0 %
        VPUD                                      : 0 %

    Hbm Bandwidth
        throughput                                : 194 MBytes/s

    Clock
        HTCORE                                    : 1134 MHz
        HC                                        : 1809 MHz
        VPUE                                      : 544 MHz
        VPUD                                      : 534 MHz

GPU#2  X201  0000:c1:00.0
                         Cu Usage
Index  0   1   2   3   4   5   6   7   8   9   10  11  12  
dpu0   0   0   0   0   0   0   0   0   0   0   0   0   0   
dpu1   0   0   0   0   0   0   0   0   0   0   0   0   0   
dpu2   0   0   0   0   0   0   0   0   0   0   0   0   0   
dpu3   0   0   0   0   0   0   0   0   0   0   0   0   0   
dpu4   0   0   0   0   0   0   0   0   0   0   0   0   0   
dpu5   0   0   0   0   0   0   0   0   0   0   0   0   0   
dpu6   0   0   0   0   0   0   0   0   0   0   0   0   0   
dpu7   0   0   0   0   0   0   0   0   0   0   0   0   0   

    Memory
        vis_vram total                            : 67108864 KB
        vis_vram used                             : 7351232 KB
        vis_vram usage                            : 10.9 %
        vram total                                : 67108864 KB
        vram used                                 : 7351232 KB
        vram usage                                : 10.9 %
        xtt total                                 : 802959600 KB
        xtt used                                  : 923264 KB
        xtt usage                                 : 0.1 %

    Utilization
        GPU                                       : 0 %
        VPUE                                      : 0 %
        VPUD                                      : 0 %

    Hbm Bandwidth
        throughput                                : 191 MBytes/s

    Clock
        HTCORE                                    : 1134 MHz
        HC                                        : 1809 MHz
        VPUE                                      : 544 MHz
        VPUD                                      : 534 MHz

GPU#3  X201  0000:d6:00.0
                         Cu Usage
Index  0   1   2   3   4   5   6   7   8   9   10  11  12  
dpu0   0   0   0   0   0   0   0   0   0   0   0   0   0   
dpu1   0   0   0   0   0   0   0   0   0   0   0   0   0   
dpu2   0   0   0   0   0   0   0   0   0   0   0   0   0   
dpu3   0   0   0   0   0   0   0   0   0   0   0   0   0   
dpu4   0   0   0   0   0   0   0   0   0   0   0   0   0   
dpu5   0   0   0   0   0   0   0   0   0   0   0   0   0   
dpu6   0   0   0   0   0   0   0   0   0   0   0   0   0   
dpu7   0   0   0   0   0   0   0   0   0   0   0   0   0   

    Memory
        vis_vram total                            : 67108864 KB
        vis_vram used                             : 8313920 KB
        vis_vram usage                            : 12.3 %
        vram total                                : 67108864 KB
        vram used                                 : 8313920 KB
        vram usage                                : 12.3 %
        xtt total                                 : 802959600 KB
        xtt used                                  : 937600 KB
        xtt usage                                 : 0.1 %

    Utilization
        GPU                                       : 0 %
        VPUE                                      : 0 %
        VPUD                                      : 0 %

    Hbm Bandwidth
        throughput                                : 248 MBytes/s

    Clock
        HTCORE                                    : 1134 MHz
        HC                                        : 1809 MHz
        VPUE                                      : 544 MHz
        VPUD                                      : 534 MHz

End of Log
===== SAMPLE_23 22:17:22 =====
ht-smi  version: 2.2.12

=================== Mars System Management Interface Log ===================
Timestamp                                         : Fri Oct  2 22:17:22 2026

Attached GPUs                                     : 4
GPU#0  X201  0000:96:00.0
                         Cu Usage
Index  0   1   2   3   4   5   6   7   8   9   10  11  12  
dpu0   0   0   0   0   0   0   0   0   0   0   0   0   0   
dpu1   0   0   0   0   0   0   0   0   0   0   0   0   0   
dpu2   0   0   0   0   0   0   0   0   0   0   0   0   0   
dpu3   0   0   0   0   0   0   0   0   0   0   0   0   0   
dpu4   0   0   0   0   0   0   0   0   0   0   0   0   0   
dpu5   0   0   0   0   0   0   0   0   0   0   0   0   0   
dpu6   0   0   0   0   0   0   0   0   0   0   0   0   0   
dpu7   0   0   0   0   0   0   0   0   0   0   0   0   0   

    Memory
        vis_vram total                            : 67108864 KB
        vis_vram used                             : 5663744 KB
        vis_vram usage                            : 8.4 %
        vram total                                : 67108864 KB
        vram used                                 : 5663744 KB
        vram usage                                : 8.4 %
        xtt total                                 : 802959600 KB
        xtt used                                  : 865920 KB
        xtt usage                                 : 0.1 %

    Utilization
        GPU                                       : 0 %
        VPUE                                      : 0 %
        VPUD                                      : 0 %

    Hbm Bandwidth
        throughput                                : 146 MBytes/s

    Clock
        HTCORE                                    : 1134 MHz
        HC                                        : 1809 MHz
        VPUE                                      : 544 MHz
        VPUD                                      : 534 MHz

GPU#1  X201  0000:ab:00.0
                         Cu Usage
Index  0   1   2   3   4   5   6   7   8   9   10  11  12  
dpu0   0   0   0   0   0   0   0   0   0   0   0   0   0   
dpu1   0   0   0   0   0   0   0   0   0   0   0   0   0   
dpu2   0   0   0   0   0   0   0   0   0   0   0   0   0   
dpu3   0   0   0   0   0   0   0   0   0   0   0   0   0   
dpu4   0   0   0   0   0   0   0   0   0   0   0   0   0   
dpu5   0   0   0   0   0   0   0   0   0   0   0   0   0   
dpu6   0   0   0   0   0   0   0   0   0   0   0   0   0   
dpu7   0   0   0   0   0   0   0   0   0   0   0   0   0   

    Memory
        vis_vram total                            : 67108864 KB
        vis_vram used                             : 7793536 KB
        vis_vram usage                            : 11.6 %
        vram total                                : 67108864 KB
        vram used                                 : 7793536 KB
        vram usage                                : 11.6 %
        xtt total                                 : 802959600 KB
        xtt used                                  : 923264 KB
        xtt usage                                 : 0.1 %

    Utilization
        GPU                                       : 0 %
        VPUE                                      : 0 %
        VPUD                                      : 0 %

    Hbm Bandwidth
        throughput                                : 241 MBytes/s

    Clock
        HTCORE                                    : 1134 MHz
        HC                                        : 1809 MHz
        VPUE                                      : 544 MHz
        VPUD                                      : 534 MHz

GPU#2  X201  0000:c1:00.0
                         Cu Usage
Index  0   1   2   3   4   5   6   7   8   9   10  11  12  
dpu0   0   0   0   0   0   0   0   0   0   0   0   0   0   
dpu1   0   0   0   0   0   0   0   0   0   0   0   0   0   
dpu2   0   0   0   0   0   0   0   0   0   0   0   0   0   
dpu3   0   0   0   0   0   0   0   0   0   0   0   0   0   
dpu4   0   0   0   0   0   0   0   0   0   0   0   0   0   
dpu5   0   0   0   0   0   0   0   0   0   0   0   0   0   
dpu6   0   0   0   0   0   0   0   0   0   0   0   0   0   
dpu7   0   0   0   0   0   0   0   0   0   0   0   0   0   

    Memory
        vis_vram total                            : 67108864 KB
        vis_vram used                             : 7875648 KB
        vis_vram usage                            : 11.7 %
        vram total                                : 67108864 KB
        vram used                                 : 7875648 KB
        vram usage                                : 11.7 %
        xtt total                                 : 802959600 KB
        xtt used                                  : 894592 KB
        xtt usage                                 : 0.1 %

    Utilization
        GPU                                       : 0 %
        VPUE                                      : 0 %
        VPUD                                      : 0 %

    Hbm Bandwidth
        throughput                                : 274 MBytes/s

    Clock
        HTCORE                                    : 1134 MHz
        HC                                        : 1809 MHz
        VPUE                                      : 544 MHz
        VPUD                                      : 534 MHz

GPU#3  X201  0000:d6:00.0
                         Cu Usage
Index  0   1   2   3   4   5   6   7   8   9   10  11  12  
dpu0   0   0   0   0   0   0   0   0   0   0   0   0   0   
dpu1   0   0   0   0   0   0   0   0   0   0   0   0   0   
dpu2   0   0   0   0   0   0   0   0   0   0   0   0   0   
dpu3   0   0   0   0   0   0   0   0   0   0   0   0   0   
dpu4   0   0   0   0   0   0   0   0   0   0   0   0   0   
dpu5   0   0   0   0   0   0   0   0   0   0   0   0   0   
dpu6   0   0   0   0   0   0   0   0   0   0   0   0   0   
dpu7   0   0   0   0   0   0   0   0   0   0   0   0   0   

    Memory
        vis_vram total                            : 67108864 KB
        vis_vram used                             : 8313856 KB
        vis_vram usage                            : 12.3 %
        vram total                                : 67108864 KB
        vram used                                 : 8313856 KB
        vram usage                                : 12.3 %
        xtt total                                 : 802959600 KB
        xtt used                                  : 894592 KB
        xtt usage                                 : 0.1 %

    Utilization
        GPU                                       : 0 %
        VPUE                                      : 0 %
        VPUD                                      : 0 %

    Hbm Bandwidth
        throughput                                : 326 MBytes/s

    Clock
        HTCORE                                    : 1134 MHz
        HC                                        : 1809 MHz
        VPUE                                      : 544 MHz
        VPUD                                      : 534 MHz

End of Log
===== SAMPLE_24 22:17:25 =====
ht-smi  version: 2.2.12

=================== Mars System Management Interface Log ===================
Timestamp                                         : Fri Oct  2 22:17:26 2026

Attached GPUs                                     : 4
GPU#0  X201  0000:96:00.0
                         Cu Usage
Index  0   1   2   3   4   5   6   7   8   9   10  11  12  
dpu0   0   0   0   0   0   0   0   0   0   0   0   0   0   
dpu1   0   0   0   0   0   0   0   0   0   0   0   0   0   
dpu2   0   0   0   0   0   0   0   0   0   0   0   0   0   
dpu3   0   0   0   0   0   0   0   0   0   0   0   0   0   
dpu4   0   0   0   0   0   0   0   0   0   0   0   0   0   
dpu5   0   0   0   0   0   0   0   0   0   0   0   0   0   
dpu6   0   0   0   0   0   0   0   0   0   0   0   0   0   
dpu7   0   0   0   0   0   0   0   0   0   0   0   0   0   

    Memory
        vis_vram total                            : 67108864 KB
        vis_vram used                             : 5663424 KB
        vis_vram usage                            : 8.4 %
        vram total                                : 67108864 KB
        vram used                                 : 5663424 KB
        vram usage                                : 8.4 %
        xtt total                                 : 802959600 KB
        xtt used                                  : 822912 KB
        xtt usage                                 : 0.1 %

    Utilization
        GPU                                       : 0 %
        VPUE                                      : 0 %
        VPUD                                      : 0 %

    Hbm Bandwidth
        throughput                                : 76 MBytes/s

    Clock
        HTCORE                                    : 1134 MHz
        HC                                        : 1809 MHz
        VPUE                                      : 544 MHz
        VPUD                                      : 534 MHz

GPU#1  X201  0000:ab:00.0
                         Cu Usage
Index  0   1   2   3   4   5   6   7   8   9   10  11  12  
dpu0   0   0   0   0   0   0   0   0   0   0   0   0   0   
dpu1   0   0   0   0   0   0   0   0   0   0   0   0   0   
dpu2   0   0   0   0   0   0   0   0   0   0   0   0   0   
dpu3   0   0   0   0   0   0   0   0   0   0   0   0   0   
dpu4   0   0   0   0   0   0   0   0   0   0   0   0   0   
dpu5   0   0   0   0   0   0   0   0   0   0   0   0   0   
dpu6   0   0   0   0   0   0   0   0   0   0   0   0   0   
dpu7   0   0   0   0   0   0   0   0   0   0   0   0   0   

    Memory
        vis_vram total                            : 67108864 KB
        vis_vram used                             : 8318784 KB
        vis_vram usage                            : 12.3 %
        vram total                                : 67108864 KB
        vram used                                 : 8318784 KB
        vram usage                                : 12.3 %
        xtt total                                 : 802959600 KB
        xtt used                                  : 923264 KB
        xtt usage                                 : 0.1 %

    Utilization
        GPU                                       : 0 %
        VPUE                                      : 0 %
        VPUD                                      : 0 %

    Hbm Bandwidth
        throughput                                : 266 MBytes/s

    Clock
        HTCORE                                    : 1134 MHz
        HC                                        : 1809 MHz
        VPUE                                      : 544 MHz
        VPUD                                      : 534 MHz

GPU#2  X201  0000:c1:00.0
                         Cu Usage
Index  0   1   2   3   4   5   6   7   8   9   10  11  12  
dpu0   0   0   0   0   0   0   0   0   0   0   0   0   0   
dpu1   0   0   0   0   0   0   0   0   0   0   0   0   0   
dpu2   0   0   0   0   0   0   0   0   0   0   0   0   0   
dpu3   0   0   0   0   0   0   0   0   0   0   0   0   0   
dpu4   0   0   0   0   0   0   0   0   0   0   0   0   0   
dpu5   0   0   0   0   0   0   0   0   0   0   0   0   0   
dpu6   0   0   0   0   0   0   0   0   0   0   0   0   0   
dpu7   0   0   0   0   0   0   0   0   0   0   0   0   0   

    Memory
        vis_vram total                            : 67108864 KB
        vis_vram used                             : 8924480 KB
        vis_vram usage                            : 13.2 %
        vram total                                : 67108864 KB
        vram used                                 : 8924480 KB
        vram usage                                : 13.2 %
        xtt total                                 : 802959600 KB
        xtt used                                  : 880256 KB
        xtt usage                                 : 0.1 %

    Utilization
        GPU                                       : 0 %
        VPUE                                      : 0 %
        VPUD                                      : 0 %

    Hbm Bandwidth
        throughput                                : 425 MBytes/s

    Clock
        HTCORE                                    : 1134 MHz
        HC                                        : 1809 MHz
        VPUE                                      : 544 MHz
        VPUD                                      : 534 MHz

GPU#3  X201  0000:d6:00.0
                         Cu Usage
Index  0   1   2   3   4   5   6   7   8   9   10  11  12  
dpu0   0   0   0   0   0   0   0   0   0   0   0   0   0   
dpu1   0   0   0   0   0   0   0   0   0   0   0   0   0   
dpu2   0   0   0   0   0   0   0   0   0   0   0   0   0   
dpu3   0   0   0   0   0   0   0   0   0   0   0   0   0   
dpu4   0   0   0   0   0   0   0   0   0   0   0   0   0   
dpu5   0   0   0   0   0   0   0   0   0   0   0   0   0   
dpu6   0   0   0   0   0   0   0   0   0   0   0   0   0   
dpu7   0   0   0   0   0   0   0   0   0   0   0   0   0   

    Memory
        vis_vram total                            : 67108864 KB
        vis_vram used                             : 8315328 KB
        vis_vram usage                            : 12.3 %
        vram total                                : 67108864 KB
        vram used                                 : 8315328 KB
        vram usage                                : 12.3 %
        xtt total                                 : 802959600 KB
        xtt used                                  : 880256 KB
        xtt usage                                 : 0.1 %

    Utilization
        GPU                                       : 0 %
        VPUE                                      : 0 %
        VPUD                                      : 0 %

    Hbm Bandwidth
        throughput                                : 206 MBytes/s

    Clock
        HTCORE                                    : 1134 MHz
        HC                                        : 1809 MHz
        VPUE                                      : 544 MHz
        VPUD                                      : 534 MHz

End of Log
===== SAMPLE_25 22:17:29 =====
ht-smi  version: 2.2.12

=================== Mars System Management Interface Log ===================
Timestamp                                         : Fri Oct  2 22:17:29 2026

Attached GPUs                                     : 4
GPU#0  X201  0000:96:00.0
                         Cu Usage
Index  0   1   2   3   4   5   6   7   8   9   10  11  12  
dpu0   0   0   0   0   0   0   0   0   0   0   0   0   0   
dpu1   0   0   0   0   0   0   0   0   0   0   0   0   0   
dpu2   0   0   0   0   0   0   0   0   0   0   0   0   0   
dpu3   0   0   0   0   0   0   0   0   0   0   0   0   0   
dpu4   0   0   0   0   0   0   0   0   0   0   0   0   0   
dpu5   0   0   0   0   0   0   0   0   0   0   0   0   0   
dpu6   0   0   0   0   0   0   0   0   0   0   0   0   0   
dpu7   0   0   0   0   0   0   0   0   0   0   0   0   0   

    Memory
        vis_vram total                            : 67108864 KB
        vis_vram used                             : 5663808 KB
        vis_vram usage                            : 8.4 %
        vram total                                : 67108864 KB
        vram used                                 : 5663808 KB
        vram usage                                : 8.4 %
        xtt total                                 : 802959600 KB
        xtt used                                  : 951936 KB
        xtt usage                                 : 0.1 %

    Utilization
        GPU                                       : 0 %
        VPUE                                      : 0 %
        VPUD                                      : 0 %

    Hbm Bandwidth
        throughput                                : 128 MBytes/s

    Clock
        HTCORE                                    : 1134 MHz
        HC                                        : 1809 MHz
        VPUE                                      : 544 MHz
        VPUD                                      : 534 MHz

GPU#1  X201  0000:ab:00.0
                         Cu Usage
Index  0   1   2   3   4   5   6   7   8   9   10  11  12  
dpu0   0   0   0   0   0   0   0   0   0   0   0   0   0   
dpu1   0   0   0   0   0   0   0   0   0   0   0   0   0   
dpu2   0   0   0   0   0   0   0   0   0   0   0   0   0   
dpu3   0   0   0   0   0   0   0   0   0   0   0   0   0   
dpu4   0   0   0   0   0   0   0   0   0   0   0   0   0   
dpu5   0   0   0   0   0   0   0   0   0   0   0   0   0   
dpu6   0   0   0   0   0   0   0   0   0   0   0   0   0   
dpu7   0   0   0   0   0   0   0   0   0   0   0   0   0   

    Memory
        vis_vram total                            : 67108864 KB
        vis_vram used                             : 8318464 KB
        vis_vram usage                            : 12.3 %
        vram total                                : 67108864 KB
        vram used                                 : 8318464 KB
        vram usage                                : 12.3 %
        xtt total                                 : 802959600 KB
        xtt used                                  : 880256 KB
        xtt usage                                 : 0.1 %

    Utilization
        GPU                                       : 0 %
        VPUE                                      : 0 %
        VPUD                                      : 0 %

    Hbm Bandwidth
        throughput                                : 322 MBytes/s

    Clock
        HTCORE                                    : 1134 MHz
        HC                                        : 1809 MHz
        VPUE                                      : 544 MHz
        VPUD                                      : 534 MHz

GPU#2  X201  0000:c1:00.0
                         Cu Usage
Index  0   1   2   3   4   5   6   7   8   9   10  11  12  
dpu0   0   0   0   0   0   0   0   0   0   0   0   0   0   
dpu1   0   0   0   0   0   0   0   0   0   0   0   0   0   
dpu2   0   0   0   0   0   0   0   0   0   0   0   0   0   
dpu3   0   0   0   0   0   0   0   0   0   0   0   0   0   
dpu4   0   0   0   0   0   0   0   0   0   0   0   0   0   
dpu5   0   0   0   0   0   0   0   0   0   0   0   0   0   
dpu6   0   0   0   0   0   0   0   0   0   0   0   0   0   
dpu7   0   0   0   0   0   0   0   0   0   0   0   0   0   

    Memory
        vis_vram total                            : 67108864 KB
        vis_vram used                             : 8924160 KB
        vis_vram usage                            : 13.2 %
        vram total                                : 67108864 KB
        vram used                                 : 8924160 KB
        vram usage                                : 13.2 %
        xtt total                                 : 802959600 KB
        xtt used                                  : 894592 KB
        xtt usage                                 : 0.1 %

    Utilization
        GPU                                       : 0 %
        VPUE                                      : 0 %
        VPUD                                      : 0 %

    Hbm Bandwidth
        throughput                                : 435 MBytes/s

    Clock
        HTCORE                                    : 1134 MHz
        HC                                        : 1809 MHz
        VPUE                                      : 544 MHz
        VPUD                                      : 534 MHz

GPU#3  X201  0000:d6:00.0
                         Cu Usage
Index  0   1   2   3   4   5   6   7   8   9   10  11  12  
dpu0   0   0   0   0   0   0   0   0   0   0   0   0   0   
dpu1   0   0   0   0   0   0   0   0   0   0   0   0   0   
dpu2   0   0   0   0   0   0   0   0   0   0   0   0   0   
dpu3   0   0   0   0   0   0   0   0   0   0   0   0   0   
dpu4   0   0   0   0   0   0   0   0   0   0   0   0   0   
dpu5   0   0   0   0   0   0   0   0   0   0   0   0   0   
dpu6   0   0   0   0   0   0   0   0   0   0   0   0   0   
dpu7   0   0   0   0   0   0   0   0   0   0   0   0   0   

    Memory
        vis_vram total                            : 67108864 KB
        vis_vram used                             : 8314688 KB
        vis_vram usage                            : 12.3 %
        vram total                                : 67108864 KB
        vram used                                 : 8314688 KB
        vram usage                                : 12.3 %
        xtt total                                 : 802959600 KB
        xtt used                                  : 880256 KB
        xtt usage                                 : 0.1 %

    Utilization
        GPU                                       : 0 %
        VPUE                                      : 0 %
        VPUD                                      : 0 %

    Hbm Bandwidth
        throughput                                : 266 MBytes/s

    Clock
        HTCORE                                    : 1134 MHz
        HC                                        : 1809 MHz
        VPUE                                      : 544 MHz
        VPUD                                      : 534 MHz

End of Log
===== SAMPLE_26 22:17:32 =====
ht-smi  version: 2.2.12

=================== Mars System Management Interface Log ===================
Timestamp                                         : Fri Oct  2 22:17:32 2026

Attached GPUs                                     : 4
GPU#0  X201  0000:96:00.0
                         Cu Usage
Index  0   1   2   3   4   5   6   7   8   9   10  11  12  
dpu0   0   0   0   0   0   0   0   0   0   0   0   0   0   
dpu1   0   0   0   0   0   0   0   0   0   0   0   0   0   
dpu2   0   0   0   0   0   0   0   0   0   0   0   0   0   
dpu3   0   0   0   0   0   0   0   0   0   0   0   0   0   
dpu4   0   0   0   0   0   0   0   0   0   0   0   0   0   
dpu5   0   0   0   0   0   0   0   0   0   0   0   0   0   
dpu6   0   0   0   0   0   0   0   0   0   0   0   0   0   
dpu7   0   0   0   0   0   0   0   0   0   0   0   0   0   

    Memory
        vis_vram total                            : 67108864 KB
        vis_vram used                             : 5663680 KB
        vis_vram usage                            : 8.4 %
        vram total                                : 67108864 KB
        vram used                                 : 5663680 KB
        vram usage                                : 8.4 %
        xtt total                                 : 802959600 KB
        xtt used                                  : 865920 KB
        xtt usage                                 : 0.1 %

    Utilization
        GPU                                       : 0 %
        VPUE                                      : 0 %
        VPUD                                      : 0 %

    Hbm Bandwidth
        throughput                                : 125 MBytes/s

    Clock
        HTCORE                                    : 1134 MHz
        HC                                        : 1809 MHz
        VPUE                                      : 544 MHz
        VPUD                                      : 534 MHz

GPU#1  X201  0000:ab:00.0
                         Cu Usage
Index  0   1   2   3   4   5   6   7   8   9   10  11  12  
dpu0   0   0   0   0   0   0   0   0   0   0   0   0   0   
dpu1   0   0   0   0   0   0   0   0   0   0   0   0   0   
dpu2   0   0   0   0   0   0   0   0   0   0   0   0   0   
dpu3   0   0   0   0   0   0   0   0   0   0   0   0   0   
dpu4   0   0   0   0   0   0   0   0   0   0   0   0   0   
dpu5   0   0   0   0   0   0   0   0   0   0   0   0   0   
dpu6   0   0   0   0   0   0   0   0   0   0   0   0   0   
dpu7   0   0   0   0   0   0   0   0   0   0   0   0   0   

    Memory
        vis_vram total                            : 67108864 KB
        vis_vram used                             : 8318016 KB
        vis_vram usage                            : 12.3 %
        vram total                                : 67108864 KB
        vram used                                 : 8318016 KB
        vram usage                                : 12.3 %
        xtt total                                 : 802959600 KB
        xtt used                                  : 894592 KB
        xtt usage                                 : 0.1 %

    Utilization
        GPU                                       : 0 %
        VPUE                                      : 0 %
        VPUD                                      : 0 %

    Hbm Bandwidth
        throughput                                : 201 MBytes/s

    Clock
        HTCORE                                    : 1134 MHz
        HC                                        : 1809 MHz
        VPUE                                      : 544 MHz
        VPUD                                      : 534 MHz

GPU#2  X201  0000:c1:00.0
                         Cu Usage
Index  0   1   2   3   4   5   6   7   8   9   10  11  12  
dpu0   0   0   0   0   0   0   0   0   0   0   0   0   0   
dpu1   0   0   0   0   0   0   0   0   0   0   0   0   0   
dpu2   0   0   0   0   0   0   0   0   0   0   0   0   0   
dpu3   0   0   0   0   0   0   0   0   0   0   0   0   0   
dpu4   0   0   0   0   0   0   0   0   0   0   0   0   0   
dpu5   0   0   0   0   0   0   0   0   0   0   0   0   0   
dpu6   0   0   0   0   0   0   0   0   0   0   0   0   0   
dpu7   0   0   0   0   0   0   0   0   0   0   0   0   0   

    Memory
        vis_vram total                            : 67108864 KB
        vis_vram used                             : 8924672 KB
        vis_vram usage                            : 13.2 %
        vram total                                : 67108864 KB
        vram used                                 : 8924672 KB
        vram usage                                : 13.2 %
        xtt total                                 : 802959600 KB
        xtt used                                  : 937600 KB
        xtt usage                                 : 0.1 %

    Utilization
        GPU                                       : 0 %
        VPUE                                      : 0 %
        VPUD                                      : 0 %

    Hbm Bandwidth
        throughput                                : 230 MBytes/s

    Clock
        HTCORE                                    : 1134 MHz
        HC                                        : 1809 MHz
        VPUE                                      : 544 MHz
        VPUD                                      : 534 MHz

GPU#3  X201  0000:d6:00.0
                         Cu Usage
Index  0   1   2   3   4   5   6   7   8   9   10  11  12  
dpu0   0   0   0   0   0   0   0   0   0   0   0   0   0   
dpu1   0   0   0   0   0   0   0   0   0   0   0   0   0   
dpu2   0   0   0   0   0   0   0   0   0   0   0   0   0   
dpu3   0   0   0   0   0   0   0   0   0   0   0   0   0   
dpu4   0   0   0   0   0   0   0   0   0   0   0   0   0   
dpu5   0   0   0   0   0   0   0   0   0   0   0   0   0   
dpu6   0   0   0   0   0   0   0   0   0   0   0   0   0   
dpu7   0   0   0   0   0   0   0   0   0   0   0   0   0   

    Memory
        vis_vram total                            : 67108864 KB
        vis_vram used                             : 8314240 KB
        vis_vram usage                            : 12.3 %
        vram total                                : 67108864 KB
        vram used                                 : 8314240 KB
        vram usage                                : 12.3 %
        xtt total                                 : 802959600 KB
        xtt used                                  : 880256 KB
        xtt usage                                 : 0.1 %

    Utilization
        GPU                                       : 0 %
        VPUE                                      : 0 %
        VPUD                                      : 0 %

    Hbm Bandwidth
        throughput                                : 280 MBytes/s

    Clock
        HTCORE                                    : 1134 MHz
        HC                                        : 1809 MHz
        VPUE                                      : 544 MHz
        VPUD                                      : 534 MHz

End of Log
===== SAMPLE_27 22:17:35 =====
ht-smi  version: 2.2.12

=================== Mars System Management Interface Log ===================
Timestamp                                         : Fri Oct  2 22:17:35 2026

Attached GPUs                                     : 4
GPU#0  X201  0000:96:00.0
                         Cu Usage
Index  0   1   2   3   4   5   6   7   8   9   10  11  12  
dpu0   0   0   0   0   0   0   0   0   0   0   0   0   0   
dpu1   0   0   0   0   0   0   0   0   0   0   0   0   0   
dpu2   0   0   0   0   0   0   0   0   0   0   0   0   0   
dpu3   0   0   0   0   0   0   0   0   0   0   0   0   0   
dpu4   0   0   0   0   0   0   0   0   0   0   0   0   0   
dpu5   0   0   0   0   0   0   0   0   0   0   0   0   0   
dpu6   0   0   0   0   0   0   0   0   0   0   0   0   0   
dpu7   0   0   0   0   0   0   0   0   0   0   0   0   0   

    Memory
        vis_vram total                            : 67108864 KB
        vis_vram used                             : 5663488 KB
        vis_vram usage                            : 8.4 %
        vram total                                : 67108864 KB
        vram used                                 : 5663488 KB
        vram usage                                : 8.4 %
        xtt total                                 : 802959600 KB
        xtt used                                  : 837248 KB
        xtt usage                                 : 0.1 %

    Utilization
        GPU                                       : 0 %
        VPUE                                      : 0 %
        VPUD                                      : 0 %

    Hbm Bandwidth
        throughput                                : 135 MBytes/s

    Clock
        HTCORE                                    : 1134 MHz
        HC                                        : 1809 MHz
        VPUE                                      : 544 MHz
        VPUD                                      : 534 MHz

GPU#1  X201  0000:ab:00.0
                         Cu Usage
Index  0   1   2   3   4   5   6   7   8   9   10  11  12  
dpu0   0   0   0   0   0   0   0   0   0   0   0   0   0   
dpu1   0   0   0   0   0   0   0   0   0   0   0   0   0   
dpu2   0   0   0   0   0   0   0   0   0   0   0   0   0   
dpu3   0   0   0   0   0   0   0   0   0   0   0   0   0   
dpu4   0   0   0   0   0   0   0   0   0   0   0   0   0   
dpu5   0   0   0   0   0   0   0   0   0   0   0   0   0   
dpu6   0   0   0   0   0   0   0   0   0   0   0   0   0   
dpu7   0   0   0   0   0   0   0   0   0   0   0   0   0   

    Memory
        vis_vram total                            : 67108864 KB
        vis_vram used                             : 8318848 KB
        vis_vram usage                            : 12.3 %
        vram total                                : 67108864 KB
        vram used                                 : 8318848 KB
        vram usage                                : 12.3 %
        xtt total                                 : 802959600 KB
        xtt used                                  : 837248 KB
        xtt usage                                 : 0.1 %

    Utilization
        GPU                                       : 0 %
        VPUE                                      : 0 %
        VPUD                                      : 0 %

    Hbm Bandwidth
        throughput                                : 351 MBytes/s

    Clock
        HTCORE                                    : 1134 MHz
        HC                                        : 1809 MHz
        VPUE                                      : 544 MHz
        VPUD                                      : 534 MHz

GPU#2  X201  0000:c1:00.0
                         Cu Usage
Index  0   1   2   3   4   5   6   7   8   9   10  11  12  
dpu0   0   0   0   0   0   0   0   0   0   0   0   0   0   
dpu1   0   0   0   0   0   0   0   0   0   0   0   0   0   
dpu2   0   0   0   0   0   0   0   0   0   0   0   0   0   
dpu3   0   0   0   0   0   0   0   0   0   0   0   0   0   
dpu4   0   0   0   0   0   0   0   0   0   0   0   0   0   
dpu5   0   0   0   0   0   0   0   0   0   0   0   0   0   
dpu6   0   0   0   0   0   0   0   0   0   0   0   0   0   
dpu7   0   0   0   0   0   0   0   0   0   0   0   0   0   

    Memory
        vis_vram total                            : 67108864 KB
        vis_vram used                             : 8925440 KB
        vis_vram usage                            : 13.2 %
        vram total                                : 67108864 KB
        vram used                                 : 8925440 KB
        vram usage                                : 13.2 %
        xtt total                                 : 802959600 KB
        xtt used                                  : 880256 KB
        xtt usage                                 : 0.1 %

    Utilization
        GPU                                       : 0 %
        VPUE                                      : 0 %
        VPUD                                      : 0 %

    Hbm Bandwidth
        throughput                                : 285 MBytes/s

    Clock
        HTCORE                                    : 1134 MHz
        HC                                        : 1809 MHz
        VPUE                                      : 544 MHz
        VPUD                                      : 534 MHz

GPU#3  X201  0000:d6:00.0
                         Cu Usage
Index  0   1   2   3   4   5   6   7   8   9   10  11  12  
dpu0   0   0   0   0   0   0   0   0   0   0   0   0   0   
dpu1   0   0   0   0   0   0   0   0   0   0   0   0   0   
dpu2   0   0   0   0   0   0   0   0   0   0   0   0   0   
dpu3   0   0   0   0   0   0   0   0   0   0   0   0   0   
dpu4   0   0   0   0   0   0   0   0   0   0   0   0   0   
dpu5   0   0   0   0   0   0   0   0   0   0   0   0   0   
dpu6   0   0   0   0   0   0   0   0   0   0   0   0   0   
dpu7   0   0   0   0   0   0   0   0   0   0   0   0   0   

    Memory
        vis_vram total                            : 67108864 KB
        vis_vram used                             : 9888960 KB
        vis_vram usage                            : 14.7 %
        vram total                                : 67108864 KB
        vram used                                 : 9888960 KB
        vram usage                                : 14.7 %
        xtt total                                 : 802959600 KB
        xtt used                                  : 908928 KB
        xtt usage                                 : 0.1 %

    Utilization
        GPU                                       : 0 %
        VPUE                                      : 0 %
        VPUD                                      : 0 %

    Hbm Bandwidth
        throughput                                : 167 MBytes/s

    Clock
        HTCORE                                    : 1134 MHz
        HC                                        : 1809 MHz
        VPUE                                      : 544 MHz
        VPUD                                      : 534 MHz

End of Log
===== SAMPLE_28 22:17:38 =====
ht-smi  version: 2.2.12

=================== Mars System Management Interface Log ===================
Timestamp                                         : Fri Oct  2 22:17:38 2026

Attached GPUs                                     : 4
GPU#0  X201  0000:96:00.0
                         Cu Usage
Index  0   1   2   3   4   5   6   7   8   9   10  11  12  
dpu0   0   0   0   0   0   0   0   0   0   0   0   0   0   
dpu1   0   0   0   0   0   0   0   0   0   0   0   0   0   
dpu2   0   0   0   0   0   0   0   0   0   0   0   0   0   
dpu3   0   0   0   0   0   0   0   0   0   0   0   0   0   
dpu4   0   0   0   0   0   0   0   0   0   0   0   0   0   
dpu5   0   0   0   0   0   0   0   0   0   0   0   0   0   
dpu6   0   0   0   0   0   0   0   0   0   0   0   0   0   
dpu7   0   0   0   0   0   0   0   0   0   0   0   0   0   

    Memory
        vis_vram total                            : 67108864 KB
        vis_vram used                             : 5663872 KB
        vis_vram usage                            : 8.4 %
        vram total                                : 67108864 KB
        vram used                                 : 5663872 KB
        vram usage                                : 8.4 %
        xtt total                                 : 802959600 KB
        xtt used                                  : 865920 KB
        xtt usage                                 : 0.1 %

    Utilization
        GPU                                       : 0 %
        VPUE                                      : 0 %
        VPUD                                      : 0 %

    Hbm Bandwidth
        throughput                                : 196 MBytes/s

    Clock
        HTCORE                                    : 1134 MHz
        HC                                        : 1809 MHz
        VPUE                                      : 544 MHz
        VPUD                                      : 534 MHz

GPU#1  X201  0000:ab:00.0
                         Cu Usage
Index  0   1   2   3   4   5   6   7   8   9   10  11  12  
dpu0   0   0   0   0   0   0   0   0   0   0   0   0   0   
dpu1   0   0   0   0   0   0   0   0   0   0   0   0   0   
dpu2   0   0   0   0   0   0   0   0   0   0   0   0   0   
dpu3   0   0   0   0   0   0   0   0   0   0   0   0   0   
dpu4   0   0   0   0   0   0   0   0   0   0   0   0   0   
dpu5   0   0   0   0   0   0   0   0   0   0   0   0   0   
dpu6   0   0   0   0   0   0   0   0   0   0   0   0   0   
dpu7   0   0   0   0   0   0   0   0   0   0   0   0   0   

    Memory
        vis_vram total                            : 67108864 KB
        vis_vram used                             : 8842752 KB
        vis_vram usage                            : 13.1 %
        vram total                                : 67108864 KB
        vram used                                 : 8842752 KB
        vram usage                                : 13.1 %
        xtt total                                 : 802959600 KB
        xtt used                                  : 880256 KB
        xtt usage                                 : 0.1 %

    Utilization
        GPU                                       : 0 %
        VPUE                                      : 0 %
        VPUD                                      : 0 %

    Hbm Bandwidth
        throughput                                : 131 MBytes/s

    Clock
        HTCORE                                    : 1134 MHz
        HC                                        : 1809 MHz
        VPUE                                      : 544 MHz
        VPUD                                      : 534 MHz

GPU#2  X201  0000:c1:00.0
                         Cu Usage
Index  0   1   2   3   4   5   6   7   8   9   10  11  12  
dpu0   0   0   0   0   0   0   0   0   0   0   0   0   0   
dpu1   0   0   0   0   0   0   0   0   0   0   0   0   0   
dpu2   0   0   0   0   0   0   0   0   0   0   0   0   0   
dpu3   0   0   0   0   0   0   0   0   0   0   0   0   0   
dpu4   0   0   0   0   0   0   0   0   0   0   0   0   0   
dpu5   0   0   0   0   0   0   0   0   0   0   0   0   0   
dpu6   0   0   0   0   0   0   0   0   0   0   0   0   0   
dpu7   0   0   0   0   0   0   0   0   0   0   0   0   0   

    Memory
        vis_vram total                            : 67108864 KB
        vis_vram used                             : 9448576 KB
        vis_vram usage                            : 14 %
        vram total                                : 67108864 KB
        vram used                                 : 9448576 KB
        vram usage                                : 14 %
        xtt total                                 : 802959600 KB
        xtt used                                  : 923264 KB
        xtt usage                                 : 0.1 %

    Utilization
        GPU                                       : 0 %
        VPUE                                      : 0 %
        VPUD                                      : 0 %

    Hbm Bandwidth
        throughput                                : 285 MBytes/s

    Clock
        HTCORE                                    : 1134 MHz
        HC                                        : 1809 MHz
        VPUE                                      : 544 MHz
        VPUD                                      : 534 MHz

GPU#3  X201  0000:d6:00.0
                         Cu Usage
Index  0   1   2   3   4   5   6   7   8   9   10  11  12  
dpu0   0   0   0   0   0   0   0   0   0   0   0   0   0   
dpu1   0   0   0   0   0   0   0   0   0   0   0   0   0   
dpu2   0   0   0   0   0   0   0   0   0   0   0   0   0   
dpu3   0   0   0   0   0   0   0   0   0   0   0   0   0   
dpu4   0   0   0   0   0   0   0   0   0   0   0   0   0   
dpu5   0   0   0   0   0   0   0   0   0   0   0   0   0   
dpu6   0   0   0   0   0   0   0   0   0   0   0   0   0   
dpu7   0   0   0   0   0   0   0   0   0   0   0   0   0   

    Memory
        vis_vram total                            : 67108864 KB
        vis_vram used                             : 9889536 KB
        vis_vram usage                            : 14.7 %
        vram total                                : 67108864 KB
        vram used                                 : 9889536 KB
        vram usage                                : 14.7 %
        xtt total                                 : 802959600 KB
        xtt used                                  : 908928 KB
        xtt usage                                 : 0.1 %

    Utilization
        GPU                                       : 0 %
        VPUE                                      : 0 %
        VPUD                                      : 0 %

    Hbm Bandwidth
        throughput                                : 221 MBytes/s

    Clock
        HTCORE                                    : 1134 MHz
        HC                                        : 1809 MHz
        VPUE                                      : 544 MHz
        VPUD                                      : 534 MHz

End of Log
===== SAMPLE_29 22:17:41 =====
ht-smi  version: 2.2.12

=================== Mars System Management Interface Log ===================
Timestamp                                         : Fri Oct  2 22:17:41 2026

Attached GPUs                                     : 4
GPU#0  X201  0000:96:00.0
                         Cu Usage
Index  0   1   2   3   4   5   6   7   8   9   10  11  12  
dpu0   0   0   0   0   0   0   0   0   0   0   0   0   0   
dpu1   0   0   0   0   0   0   0   0   0   0   0   0   0   
dpu2   0   0   0   0   0   0   0   0   0   0   0   0   0   
dpu3   0   0   0   0   0   0   0   0   0   0   0   0   0   
dpu4   0   0   0   0   0   0   0   0   0   0   0   0   0   
dpu5   0   0   0   0   0   0   0   0   0   0   0   0   0   
dpu6   0   0   0   0   0   0   0   0   0   0   0   0   0   
dpu7   0   0   0   0   0   0   0   0   0   0   0   0   0   

    Memory
        vis_vram total                            : 67108864 KB
        vis_vram used                             : 5663680 KB
        vis_vram usage                            : 8.4 %
        vram total                                : 67108864 KB
        vram used                                 : 5663680 KB
        vram usage                                : 8.4 %
        xtt total                                 : 802959600 KB
        xtt used                                  : 851584 KB
        xtt usage                                 : 0.1 %

    Utilization
        GPU                                       : 0 %
        VPUE                                      : 0 %
        VPUD                                      : 0 %

    Hbm Bandwidth
        throughput                                : 169 MBytes/s

    Clock
        HTCORE                                    : 1134 MHz
        HC                                        : 1809 MHz
        VPUE                                      : 544 MHz
        VPUD                                      : 534 MHz

GPU#1  X201  0000:ab:00.0
                         Cu Usage
Index  0   1   2   3   4   5   6   7   8   9   10  11  12  
dpu0   0   0   0   0   0   0   0   0   0   0   0   0   0   
dpu1   0   0   0   0   0   0   0   0   0   0   0   0   0   
dpu2   0   0   0   0   0   0   0   0   0   0   0   0   0   
dpu3   0   0   0   0   0   0   0   0   0   0   0   0   0   
dpu4   0   0   0   0   0   0   0   0   0   0   0   0   0   
dpu5   0   0   0   0   0   0   0   0   0   0   0   0   0   
dpu6   0   0   0   0   0   0   0   0   0   0   0   0   0   
dpu7   0   0   0   0   0   0   0   0   0   0   0   0   0   

    Memory
        vis_vram total                            : 67108864 KB
        vis_vram used                             : 9891008 KB
        vis_vram usage                            : 14.7 %
        vram total                                : 67108864 KB
        vram used                                 : 9891008 KB
        vram usage                                : 14.7 %
        xtt total                                 : 802959600 KB
        xtt used                                  : 908928 KB
        xtt usage                                 : 0.1 %

    Utilization
        GPU                                       : 0 %
        VPUE                                      : 0 %
        VPUD                                      : 0 %

    Hbm Bandwidth
        throughput                                : 168 MBytes/s

    Clock
        HTCORE                                    : 1134 MHz
        HC                                        : 1809 MHz
        VPUE                                      : 544 MHz
        VPUD                                      : 534 MHz

GPU#2  X201  0000:c1:00.0
                         Cu Usage
Index  0   1   2   3   4   5   6   7   8   9   10  11  12  
dpu0   0   0   0   0   0   0   0   0   0   0   0   0   0   
dpu1   0   0   0   0   0   0   0   0   0   0   0   0   0   
dpu2   0   0   0   0   0   0   0   0   0   0   0   0   0   
dpu3   0   0   0   0   0   0   0   0   0   0   0   0   0   
dpu4   0   0   0   0   0   0   0   0   0   0   0   0   0   
dpu5   0   0   0   0   0   0   0   0   0   0   0   0   0   
dpu6   0   0   0   0   0   0   0   0   0   0   0   0   0   
dpu7   0   0   0   0   0   0   0   0   0   0   0   0   0   

    Memory
        vis_vram total                            : 67108864 KB
        vis_vram used                             : 9449088 KB
        vis_vram usage                            : 14 %
        vram total                                : 67108864 KB
        vram used                                 : 9449088 KB
        vram usage                                : 14 %
        xtt total                                 : 802959600 KB
        xtt used                                  : 894592 KB
        xtt usage                                 : 0.1 %

    Utilization
        GPU                                       : 0 %
        VPUE                                      : 0 %
        VPUD                                      : 0 %

    Hbm Bandwidth
        throughput                                : 296 MBytes/s

    Clock
        HTCORE                                    : 1134 MHz
        HC                                        : 1809 MHz
        VPUE                                      : 544 MHz
        VPUD                                      : 534 MHz

GPU#3  X201  0000:d6:00.0
                         Cu Usage
Index  0   1   2   3   4   5   6   7   8   9   10  11  12  
dpu0   0   0   0   0   0   0   0   0   0   0   0   0   0   
dpu1   0   0   0   0   0   0   0   0   0   0   0   0   0   
dpu2   0   0   0   0   0   0   0   0   0   0   0   0   0   
dpu3   0   0   0   0   0   0   0   0   0   0   0   0   0   
dpu4   0   0   0   0   0   0   0   0   0   0   0   0   0   
dpu5   0   0   0   0   0   0   0   0   0   0   0   0   0   
dpu6   0   0   0   0   0   0   0   0   0   0   0   0   0   
dpu7   0   0   0   0   0   0   0   0   0   0   0   0   0   

    Memory
        vis_vram total                            : 67108864 KB
        vis_vram used                             : 10415296 KB
        vis_vram usage                            : 15.5 %
        vram total                                : 67108864 KB
        vram used                                 : 10415296 KB
        vram usage                                : 15.5 %
        xtt total                                 : 802959600 KB
        xtt used                                  : 908928 KB
        xtt usage                                 : 0.1 %

    Utilization
        GPU                                       : 0 %
        VPUE                                      : 0 %
        VPUD                                      : 0 %

    Hbm Bandwidth
        throughput                                : 230 MBytes/s

    Clock
        HTCORE                                    : 1134 MHz
        HC                                        : 1809 MHz
        VPUE                                      : 544 MHz
        VPUD                                      : 534 MHz

End of Log
===== SAMPLE_30 22:17:44 =====
ht-smi  version: 2.2.12

=================== Mars System Management Interface Log ===================
Timestamp                                         : Fri Oct  2 22:17:44 2026

Attached GPUs                                     : 4
GPU#0  X201  0000:96:00.0
                         Cu Usage
Index  0   1   2   3   4   5   6   7   8   9   10  11  12  
dpu0   0   0   0   0   0   0   0   0   0   0   0   0   0   
dpu1   0   0   0   0   0   0   0   0   0   0   0   0   0   
dpu2   0   0   0   0   0   0   0   0   0   0   0   0   0   
dpu3   0   0   0   0   0   0   0   0   0   0   0   0   0   
dpu4   0   0   0   0   0   0   0   0   0   0   0   0   0   
dpu5   0   0   0   0   0   0   0   0   0   0   0   0   0   
dpu6   0   0   0   0   0   0   0   0   0   0   0   0   0   
dpu7   0   0   0   0   0   0   0   0   0   0   0   0   0   

    Memory
        vis_vram total                            : 67108864 KB
        vis_vram used                             : 6714112 KB
        vis_vram usage                            : 10 %
        vram total                                : 67108864 KB
        vram used                                 : 6714112 KB
        vram usage                                : 10 %
        xtt total                                 : 802959600 KB
        xtt used                                  : 880256 KB
        xtt usage                                 : 0.1 %

    Utilization
        GPU                                       : 0 %
        VPUE                                      : 0 %
        VPUD                                      : 0 %

    Hbm Bandwidth
        throughput                                : 87 MBytes/s

    Clock
        HTCORE                                    : 1134 MHz
        HC                                        : 1809 MHz
        VPUE                                      : 544 MHz
        VPUD                                      : 534 MHz

GPU#1  X201  0000:ab:00.0
                         Cu Usage
Index  0   1   2   3   4   5   6   7   8   9   10  11  12  
dpu0   0   0   0   0   0   0   0   0   0   0   0   0   0   
dpu1   0   0   0   0   0   0   0   0   0   0   0   0   0   
dpu2   0   0   0   0   0   0   0   0   0   0   0   0   0   
dpu3   0   0   0   0   0   0   0   0   0   0   0   0   0   
dpu4   0   0   0   0   0   0   0   0   0   0   0   0   0   
dpu5   0   0   0   0   0   0   0   0   0   0   0   0   0   
dpu6   0   0   0   0   0   0   0   0   0   0   0   0   0   
dpu7   0   0   0   0   0   0   0   0   0   0   0   0   0   

    Memory
        vis_vram total                            : 67108864 KB
        vis_vram used                             : 9891136 KB
        vis_vram usage                            : 14.7 %
        vram total                                : 67108864 KB
        vram used                                 : 9891136 KB
        vram usage                                : 14.7 %
        xtt total                                 : 802959600 KB
        xtt used                                  : 908928 KB
        xtt usage                                 : 0.1 %

    Utilization
        GPU                                       : 0 %
        VPUE                                      : 0 %
        VPUD                                      : 0 %

    Hbm Bandwidth
        throughput                                : 297 MBytes/s

    Clock
        HTCORE                                    : 1134 MHz
        HC                                        : 1809 MHz
        VPUE                                      : 544 MHz
        VPUD                                      : 534 MHz

GPU#2  X201  0000:c1:00.0
                         Cu Usage
Index  0   1   2   3   4   5   6   7   8   9   10  11  12  
dpu0   0   0   0   0   0   0   0   0   0   0   0   0   0   
dpu1   0   0   0   0   0   0   0   0   0   0   0   0   0   
dpu2   0   0   0   0   0   0   0   0   0   0   0   0   0   
dpu3   0   0   0   0   0   0   0   0   0   0   0   0   0   
dpu4   0   0   0   0   0   0   0   0   0   0   0   0   0   
dpu5   0   0   0   0   0   0   0   0   0   0   0   0   0   
dpu6   0   0   0   0   0   0   0   0   0   0   0   0   0   
dpu7   0   0   0   0   0   0   0   0   0   0   0   0   0   

    Memory
        vis_vram total                            : 67108864 KB
        vis_vram used                             : 9975424 KB
        vis_vram usage                            : 14.8 %
        vram total                                : 67108864 KB
        vram used                                 : 9975424 KB
        vram usage                                : 14.8 %
        xtt total                                 : 802959600 KB
        xtt used                                  : 894592 KB
        xtt usage                                 : 0.1 %

    Utilization
        GPU                                       : 0 %
        VPUE                                      : 0 %
        VPUD                                      : 0 %

    Hbm Bandwidth
        throughput                                : 236 MBytes/s

    Clock
        HTCORE                                    : 1134 MHz
        HC                                        : 1809 MHz
        VPUE                                      : 544 MHz
        VPUD                                      : 534 MHz

GPU#3  X201  0000:d6:00.0
                         Cu Usage
Index  0   1   2   3   4   5   6   7   8   9   10  11  12  
dpu0   0   0   0   0   0   0   0   0   0   0   0   0   0   
dpu1   0   0   0   0   0   0   0   0   0   0   0   0   0   
dpu2   0   0   0   0   0   0   0   0   0   0   0   0   0   
dpu3   0   0   0   0   0   0   0   0   0   0   0   0   0   
dpu4   0   0   0   0   0   0   0   0   0   0   0   0   0   
dpu5   0   0   0   0   0   0   0   0   0   0   0   0   0   
dpu6   0   0   0   0   0   0   0   0   0   0   0   0   0   
dpu7   0   0   0   0   0   0   0   0   0   0   0   0   0   

    Memory
        vis_vram total                            : 67108864 KB
        vis_vram used                             : 10415488 KB
        vis_vram usage                            : 15.5 %
        vram total                                : 67108864 KB
        vram used                                 : 10415488 KB
        vram usage                                : 15.5 %
        xtt total                                 : 802959600 KB
        xtt used                                  : 822912 KB
        xtt usage                                 : 0.1 %

    Utilization
        GPU                                       : 0 %
        VPUE                                      : 0 %
        VPUD                                      : 0 %

    Hbm Bandwidth
        throughput                                : 304 MBytes/s

    Clock
        HTCORE                                    : 1134 MHz
        HC                                        : 1809 MHz
        VPUE                                      : 544 MHz
        VPUD                                      : 534 MHz

End of Log
===== SAMPLE_31 22:17:47 =====
ht-smi  version: 2.2.12

=================== Mars System Management Interface Log ===================
Timestamp                                         : Fri Oct  2 22:17:47 2026

Attached GPUs                                     : 4
GPU#0  X201  0000:96:00.0
                         Cu Usage
Index  0   1   2   3   4   5   6   7   8   9   10  11  12  
dpu0   0   0   0   0   0   0   0   0   0   0   0   0   0   
dpu1   0   0   0   0   0   0   0   0   0   0   0   0   0   
dpu2   0   0   0   0   0   0   0   0   0   0   0   0   0   
dpu3   0   0   0   0   0   0   0   0   0   0   0   0   0   
dpu4   0   0   0   0   0   0   0   0   0   0   0   0   0   
dpu5   0   0   0   0   0   0   0   0   0   0   0   0   0   
dpu6   0   0   0   0   0   0   0   0   0   0   0   0   0   
dpu7   0   0   0   0   0   0   0   0   0   0   0   0   0   

    Memory
        vis_vram total                            : 67108864 KB
        vis_vram used                             : 6714112 KB
        vis_vram usage                            : 10 %
        vram total                                : 67108864 KB
        vram used                                 : 6714112 KB
        vram usage                                : 10 %
        xtt total                                 : 802959600 KB
        xtt used                                  : 951936 KB
        xtt usage                                 : 0.1 %

    Utilization
        GPU                                       : 0 %
        VPUE                                      : 0 %
        VPUD                                      : 0 %

    Hbm Bandwidth
        throughput                                : 106 MBytes/s

    Clock
        HTCORE                                    : 1134 MHz
        HC                                        : 1809 MHz
        VPUE                                      : 544 MHz
        VPUD                                      : 534 MHz

GPU#1  X201  0000:ab:00.0
                         Cu Usage
Index  0   1   2   3   4   5   6   7   8   9   10  11  12  
dpu0   0   0   0   0   0   0   0   0   0   0   0   0   0   
dpu1   0   0   0   0   0   0   0   0   0   0   0   0   0   
dpu2   0   0   0   0   0   0   0   0   0   0   0   0   0   
dpu3   0   0   0   0   0   0   0   0   0   0   0   0   0   
dpu4   0   0   0   0   0   0   0   0   0   0   0   0   0   
dpu5   0   0   0   0   0   0   0   0   0   0   0   0   0   
dpu6   0   0   0   0   0   0   0   0   0   0   0   0   0   
dpu7   0   0   0   0   0   0   0   0   0   0   0   0   0   

    Memory
        vis_vram total                            : 67108864 KB
        vis_vram used                             : 10417792 KB
        vis_vram usage                            : 15.5 %
        vram total                                : 67108864 KB
        vram used                                 : 10417792 KB
        vram usage                                : 15.5 %
        xtt total                                 : 802959600 KB
        xtt used                                  : 923264 KB
        xtt usage                                 : 0.1 %

    Utilization
        GPU                                       : 0 %
        VPUE                                      : 0 %
        VPUD                                      : 0 %

    Hbm Bandwidth
        throughput                                : 261 MBytes/s

    Clock
        HTCORE                                    : 1134 MHz
        HC                                        : 1809 MHz
        VPUE                                      : 544 MHz
        VPUD                                      : 534 MHz

GPU#2  X201  0000:c1:00.0
                         Cu Usage
Index  0   1   2   3   4   5   6   7   8   9   10  11  12  
dpu0   0   0   0   0   0   0   0   0   0   0   0   0   0   
dpu1   0   0   0   0   0   0   0   0   0   0   0   0   0   
dpu2   0   0   0   0   0   0   0   0   0   0   0   0   0   
dpu3   0   0   0   0   0   0   0   0   0   0   0   0   0   
dpu4   0   0   0   0   0   0   0   0   0   0   0   0   0   
dpu5   0   0   0   0   0   0   0   0   0   0   0   0   0   
dpu6   0   0   0   0   0   0   0   0   0   0   0   0   0   
dpu7   0   0   0   0   0   0   0   0   0   0   0   0   0   

    Memory
        vis_vram total                            : 67108864 KB
        vis_vram used                             : 10501312 KB
        vis_vram usage                            : 15.6 %
        vram total                                : 67108864 KB
        vram used                                 : 10501312 KB
        vram usage                                : 15.6 %
        xtt total                                 : 802959600 KB
        xtt used                                  : 908928 KB
        xtt usage                                 : 0.1 %

    Utilization
        GPU                                       : 0 %
        VPUE                                      : 0 %
        VPUD                                      : 0 %

    Hbm Bandwidth
        throughput                                : 249 MBytes/s

    Clock
        HTCORE                                    : 1134 MHz
        HC                                        : 1809 MHz
        VPUE                                      : 544 MHz
        VPUD                                      : 534 MHz

GPU#3  X201  0000:d6:00.0
                         Cu Usage
Index  0   1   2   3   4   5   6   7   8   9   10  11  12  
dpu0   0   0   0   0   0   0   0   0   0   0   0   0   0   
dpu1   0   0   0   0   0   0   0   0   0   0   0   0   0   
dpu2   0   0   0   0   0   0   0   0   0   0   0   0   0   
dpu3   0   0   0   0   0   0   0   0   0   0   0   0   0   
dpu4   0   0   0   0   0   0   0   0   0   0   0   0   0   
dpu5   0   0   0   0   0   0   0   0   0   0   0   0   0   
dpu6   0   0   0   0   0   0   0   0   0   0   0   0   0   
dpu7   0   0   0   0   0   0   0   0   0   0   0   0   0   

    Memory
        vis_vram total                            : 67108864 KB
        vis_vram used                             : 10415552 KB
        vis_vram usage                            : 15.5 %
        vram total                                : 67108864 KB
        vram used                                 : 10415552 KB
        vram usage                                : 15.5 %
        xtt total                                 : 802959600 KB
        xtt used                                  : 937600 KB
        xtt usage                                 : 0.1 %

    Utilization
        GPU                                       : 0 %
        VPUE                                      : 0 %
        VPUD                                      : 0 %

    Hbm Bandwidth
        throughput                                : 257 MBytes/s

    Clock
        HTCORE                                    : 1134 MHz
        HC                                        : 1809 MHz
        VPUE                                      : 544 MHz
        VPUD                                      : 534 MHz

End of Log
===== SAMPLE_32 22:17:50 =====
ht-smi  version: 2.2.12

=================== Mars System Management Interface Log ===================
Timestamp                                         : Fri Oct  2 22:17:50 2026

Attached GPUs                                     : 4
GPU#0  X201  0000:96:00.0
                         Cu Usage
Index  0   1   2   3   4   5   6   7   8   9   10  11  12  
dpu0   0   0   0   0   0   0   0   0   0   0   0   0   0   
dpu1   0   0   0   0   0   0   0   0   0   0   0   0   0   
dpu2   0   0   0   0   0   0   0   0   0   0   0   0   0   
dpu3   0   0   0   0   0   0   0   0   0   0   0   0   0   
dpu4   0   0   0   0   0   0   0   0   0   0   0   0   0   
dpu5   0   0   0   0   0   0   0   0   0   0   0   0   0   
dpu6   0   0   0   0   0   0   0   0   0   0   0   0   0   
dpu7   0   0   0   0   0   0   0   0   0   0   0   0   0   

    Memory
        vis_vram total                            : 67108864 KB
        vis_vram used                             : 6714112 KB
        vis_vram usage                            : 10 %
        vram total                                : 67108864 KB
        vram used                                 : 6714112 KB
        vram usage                                : 10 %
        xtt total                                 : 802959600 KB
        xtt used                                  : 880256 KB
        xtt usage                                 : 0.1 %

    Utilization
        GPU                                       : 0 %
        VPUE                                      : 0 %
        VPUD                                      : 0 %

    Hbm Bandwidth
        throughput                                : 133 MBytes/s

    Clock
        HTCORE                                    : 1134 MHz
        HC                                        : 1809 MHz
        VPUE                                      : 544 MHz
        VPUD                                      : 534 MHz

GPU#1  X201  0000:ab:00.0
                         Cu Usage
Index  0   1   2   3   4   5   6   7   8   9   10  11  12  
dpu0   0   0   0   0   0   0   0   0   0   0   0   0   0   
dpu1   0   0   0   0   0   0   0   0   0   0   0   0   0   
dpu2   0   0   0   0   0   0   0   0   0   0   0   0   0   
dpu3   0   0   0   0   0   0   0   0   0   0   0   0   0   
dpu4   0   0   0   0   0   0   0   0   0   0   0   0   0   
dpu5   0   0   0   0   0   0   0   0   0   0   0   0   0   
dpu6   0   0   0   0   0   0   0   0   0   0   0   0   0   
dpu7   0   0   0   0   0   0   0   0   0   0   0   0   0   

    Memory
        vis_vram total                            : 67108864 KB
        vis_vram used                             : 10418112 KB
        vis_vram usage                            : 15.5 %
        vram total                                : 67108864 KB
        vram used                                 : 10418112 KB
        vram usage                                : 15.5 %
        xtt total                                 : 802959600 KB
        xtt used                                  : 923264 KB
        xtt usage                                 : 0.1 %

    Utilization
        GPU                                       : 0 %
        VPUE                                      : 0 %
        VPUD                                      : 0 %

    Hbm Bandwidth
        throughput                                : 248 MBytes/s

    Clock
        HTCORE                                    : 1134 MHz
        HC                                        : 1809 MHz
        VPUE                                      : 544 MHz
        VPUD                                      : 534 MHz

GPU#2  X201  0000:c1:00.0
                         Cu Usage
Index  0   1   2   3   4   5   6   7   8   9   10  11  12  
dpu0   0   0   0   0   0   0   0   0   0   0   0   0   0   
dpu1   0   0   0   0   0   0   0   0   0   0   0   0   0   
dpu2   0   0   0   0   0   0   0   0   0   0   0   0   0   
dpu3   0   0   0   0   0   0   0   0   0   0   0   0   0   
dpu4   0   0   0   0   0   0   0   0   0   0   0   0   0   
dpu5   0   0   0   0   0   0   0   0   0   0   0   0   0   
dpu6   0   0   0   0   0   0   0   0   0   0   0   0   0   
dpu7   0   0   0   0   0   0   0   0   0   0   0   0   0   

    Memory
        vis_vram total                            : 67108864 KB
        vis_vram used                             : 11027968 KB
        vis_vram usage                            : 16.4 %
        vram total                                : 67108864 KB
        vram used                                 : 11027968 KB
        vram usage                                : 16.4 %
        xtt total                                 : 802959600 KB
        xtt used                                  : 937600 KB
        xtt usage                                 : 0.1 %

    Utilization
        GPU                                       : 0 %
        VPUE                                      : 0 %
        VPUD                                      : 0 %

    Hbm Bandwidth
        throughput                                : 299 MBytes/s

    Clock
        HTCORE                                    : 1134 MHz
        HC                                        : 1809 MHz
        VPUE                                      : 544 MHz
        VPUD                                      : 534 MHz

GPU#3  X201  0000:d6:00.0
                         Cu Usage
Index  0   1   2   3   4   5   6   7   8   9   10  11  12  
dpu0   0   0   0   0   0   0   0   0   0   0   0   0   0   
dpu1   0   0   0   0   0   0   0   0   0   0   0   0   0   
dpu2   0   0   0   0   0   0   0   0   0   0   0   0   0   
dpu3   0   0   0   0   0   0   0   0   0   0   0   0   0   
dpu4   0   0   0   0   0   0   0   0   0   0   0   0   0   
dpu5   0   0   0   0   0   0   0   0   0   0   0   0   0   
dpu6   0   0   0   0   0   0   0   0   0   0   0   0   0   
dpu7   0   0   0   0   0   0   0   0   0   0   0   0   0   

    Memory
        vis_vram total                            : 67108864 KB
        vis_vram used                             : 10415808 KB
        vis_vram usage                            : 15.5 %
        vram total                                : 67108864 KB
        vram used                                 : 10415808 KB
        vram usage                                : 15.5 %
        xtt total                                 : 802959600 KB
        xtt used                                  : 894592 KB
        xtt usage                                 : 0.1 %

    Utilization
        GPU                                       : 0 %
        VPUE                                      : 0 %
        VPUD                                      : 0 %

    Hbm Bandwidth
        throughput                                : 258 MBytes/s

    Clock
        HTCORE                                    : 1134 MHz
        HC                                        : 1809 MHz
        VPUE                                      : 544 MHz
        VPUD                                      : 534 MHz

End of Log
===== SAMPLE_33 22:17:53 =====
ht-smi  version: 2.2.12

=================== Mars System Management Interface Log ===================
Timestamp                                         : Fri Oct  2 22:17:53 2026

Attached GPUs                                     : 4
GPU#0  X201  0000:96:00.0
                         Cu Usage
Index  0   1   2   3   4   5   6   7   8   9   10  11  12  
dpu0   0   0   0   0   0   0   0   0   0   0   0   0   0   
dpu1   0   0   0   0   0   0   0   0   0   0   0   0   0   
dpu2   0   0   0   0   0   0   0   0   0   0   0   0   0   
dpu3   0   0   0   0   0   0   0   0   0   0   0   0   0   
dpu4   0   0   0   0   0   0   0   0   0   0   0   0   0   
dpu5   0   0   0   0   0   0   0   0   0   0   0   0   0   
dpu6   0   0   0   0   0   0   0   0   0   0   0   0   0   
dpu7   0   0   0   0   0   0   0   0   0   0   0   0   0   

    Memory
        vis_vram total                            : 67108864 KB
        vis_vram used                             : 6714304 KB
        vis_vram usage                            : 10 %
        vram total                                : 67108864 KB
        vram used                                 : 6714304 KB
        vram usage                                : 10 %
        xtt total                                 : 802959600 KB
        xtt used                                  : 865920 KB
        xtt usage                                 : 0.1 %

    Utilization
        GPU                                       : 0 %
        VPUE                                      : 0 %
        VPUD                                      : 0 %

    Hbm Bandwidth
        throughput                                : 132 MBytes/s

    Clock
        HTCORE                                    : 1134 MHz
        HC                                        : 1809 MHz
        VPUE                                      : 544 MHz
        VPUD                                      : 534 MHz

GPU#1  X201  0000:ab:00.0
                         Cu Usage
Index  0   1   2   3   4   5   6   7   8   9   10  11  12  
dpu0   0   0   0   0   0   0   0   0   0   0   0   0   0   
dpu1   0   0   0   0   0   0   0   0   0   0   0   0   0   
dpu2   0   0   0   0   0   0   0   0   0   0   0   0   0   
dpu3   0   0   0   0   0   0   0   0   0   0   0   0   0   
dpu4   0   0   0   0   0   0   0   0   0   0   0   0   0   
dpu5   0   0   0   0   0   0   0   0   0   0   0   0   0   
dpu6   0   0   0   0   0   0   0   0   0   0   0   0   0   
dpu7   0   0   0   0   0   0   0   0   0   0   0   0   0   

    Memory
        vis_vram total                            : 67108864 KB
        vis_vram used                             : 10417728 KB
        vis_vram usage                            : 15.5 %
        vram total                                : 67108864 KB
        vram used                                 : 10417728 KB
        vram usage                                : 15.5 %
        xtt total                                 : 802959600 KB
        xtt used                                  : 908928 KB
        xtt usage                                 : 0.1 %

    Utilization
        GPU                                       : 0 %
        VPUE                                      : 0 %
        VPUD                                      : 0 %

    Hbm Bandwidth
        throughput                                : 220 MBytes/s

    Clock
        HTCORE                                    : 1134 MHz
        HC                                        : 1809 MHz
        VPUE                                      : 544 MHz
        VPUD                                      : 534 MHz

GPU#2  X201  0000:c1:00.0
                         Cu Usage
Index  0   1   2   3   4   5   6   7   8   9   10  11  12  
dpu0   0   0   0   0   0   0   0   0   0   0   0   0   0   
dpu1   0   0   0   0   0   0   0   0   0   0   0   0   0   
dpu2   0   0   0   0   0   0   0   0   0   0   0   0   0   
dpu3   0   0   0   0   0   0   0   0   0   0   0   0   0   
dpu4   0   0   0   0   0   0   0   0   0   0   0   0   0   
dpu5   0   0   0   0   0   0   0   0   0   0   0   0   0   
dpu6   0   0   0   0   0   0   0   0   0   0   0   0   0   
dpu7   0   0   0   0   0   0   0   0   0   0   0   0   0   

    Memory
        vis_vram total                            : 67108864 KB
        vis_vram used                             : 11027904 KB
        vis_vram usage                            : 16.4 %
        vram total                                : 67108864 KB
        vram used                                 : 11027904 KB
        vram usage                                : 16.4 %
        xtt total                                 : 802959600 KB
        xtt used                                  : 908928 KB
        xtt usage                                 : 0.1 %

    Utilization
        GPU                                       : 0 %
        VPUE                                      : 0 %
        VPUD                                      : 0 %

    Hbm Bandwidth
        throughput                                : 316 MBytes/s

    Clock
        HTCORE                                    : 1134 MHz
        HC                                        : 1809 MHz
        VPUE                                      : 544 MHz
        VPUD                                      : 534 MHz

GPU#3  X201  0000:d6:00.0
                         Cu Usage
Index  0   1   2   3   4   5   6   7   8   9   10  11  12  
dpu0   0   0   0   0   0   0   0   0   0   0   0   0   0   
dpu1   0   0   0   0   0   0   0   0   0   0   0   0   0   
dpu2   0   0   0   0   0   0   0   0   0   0   0   0   0   
dpu3   0   0   0   0   0   0   0   0   0   0   0   0   0   
dpu4   0   0   0   0   0   0   0   0   0   0   0   0   0   
dpu5   0   0   0   0   0   0   0   0   0   0   0   0   0   
dpu6   0   0   0   0   0   0   0   0   0   0   0   0   0   
dpu7   0   0   0   0   0   0   0   0   0   0   0   0   0   

    Memory
        vis_vram total                            : 67108864 KB
        vis_vram used                             : 10415296 KB
        vis_vram usage                            : 15.5 %
        vram total                                : 67108864 KB
        vram used                                 : 10415296 KB
        vram usage                                : 15.5 %
        xtt total                                 : 802959600 KB
        xtt used                                  : 923264 KB
        xtt usage                                 : 0.1 %

    Utilization
        GPU                                       : 0 %
        VPUE                                      : 0 %
        VPUD                                      : 0 %

    Hbm Bandwidth
        throughput                                : 251 MBytes/s

    Clock
        HTCORE                                    : 1134 MHz
        HC                                        : 1809 MHz
        VPUE                                      : 544 MHz
        VPUD                                      : 534 MHz

End of Log
===== SAMPLE_34 22:17:56 =====
ht-smi  version: 2.2.12

=================== Mars System Management Interface Log ===================
Timestamp                                         : Fri Oct  2 22:17:56 2026

Attached GPUs                                     : 4
GPU#0  X201  0000:96:00.0
                         Cu Usage
Index  0   1   2   3   4   5   6   7   8   9   10  11  12  
dpu0   0   0   0   0   0   0   0   0   0   0   0   0   0   
dpu1   0   0   0   0   0   0   0   0   0   0   0   0   0   
dpu2   0   0   0   0   0   0   0   0   0   0   0   0   0   
dpu3   0   0   0   0   0   0   0   0   0   0   0   0   0   
dpu4   0   0   0   0   0   0   0   0   0   0   0   0   0   
dpu5   0   0   0   0   0   0   0   0   0   0   0   0   0   
dpu6   0   0   0   0   0   0   0   0   0   0   0   0   0   
dpu7   0   0   0   0   0   0   0   0   0   0   0   0   0   

    Memory
        vis_vram total                            : 67108864 KB
        vis_vram used                             : 6714496 KB
        vis_vram usage                            : 10 %
        vram total                                : 67108864 KB
        vram used                                 : 6714496 KB
        vram usage                                : 10 %
        xtt total                                 : 802959600 KB
        xtt used                                  : 937600 KB
        xtt usage                                 : 0.1 %

    Utilization
        GPU                                       : 0 %
        VPUE                                      : 0 %
        VPUD                                      : 0 %

    Hbm Bandwidth
        throughput                                : 94 MBytes/s

    Clock
        HTCORE                                    : 1134 MHz
        HC                                        : 1809 MHz
        VPUE                                      : 544 MHz
        VPUD                                      : 534 MHz

GPU#1  X201  0000:ab:00.0
                         Cu Usage
Index  0   1   2   3   4   5   6   7   8   9   10  11  12  
dpu0   0   0   0   0   0   0   0   0   0   0   0   0   0   
dpu1   0   0   0   0   0   0   0   0   0   0   0   0   0   
dpu2   0   0   0   0   0   0   0   0   0   0   0   0   0   
dpu3   0   0   0   0   0   0   0   0   0   0   0   0   0   
dpu4   0   0   0   0   0   0   0   0   0   0   0   0   0   
dpu5   0   0   0   0   0   0   0   0   0   0   0   0   0   
dpu6   0   0   0   0   0   0   0   0   0   0   0   0   0   
dpu7   0   0   0   0   0   0   0   0   0   0   0   0   0   

    Memory
        vis_vram total                            : 67108864 KB
        vis_vram used                             : 10417536 KB
        vis_vram usage                            : 15.5 %
        vram total                                : 67108864 KB
        vram used                                 : 10417536 KB
        vram usage                                : 15.5 %
        xtt total                                 : 802959600 KB
        xtt used                                  : 865920 KB
        xtt usage                                 : 0.1 %

    Utilization
        GPU                                       : 0 %
        VPUE                                      : 0 %
        VPUD                                      : 0 %

    Hbm Bandwidth
        throughput                                : 276 MBytes/s

    Clock
        HTCORE                                    : 1134 MHz
        HC                                        : 1809 MHz
        VPUE                                      : 544 MHz
        VPUD                                      : 534 MHz

GPU#2  X201  0000:c1:00.0
                         Cu Usage
Index  0   1   2   3   4   5   6   7   8   9   10  11  12  
dpu0   0   0   0   0   0   0   0   0   0   0   0   0   0   
dpu1   0   0   0   0   0   0   0   0   0   0   0   0   0   
dpu2   0   0   0   0   0   0   0   0   0   0   0   0   0   
dpu3   0   0   0   0   0   0   0   0   0   0   0   0   0   
dpu4   0   0   0   0   0   0   0   0   0   0   0   0   0   
dpu5   0   0   0   0   0   0   0   0   0   0   0   0   0   
dpu6   0   0   0   0   0   0   0   0   0   0   0   0   0   
dpu7   0   0   0   0   0   0   0   0   0   0   0   0   0   

    Memory
        vis_vram total                            : 67108864 KB
        vis_vram used                             : 11028288 KB
        vis_vram usage                            : 16.4 %
        vram total                                : 67108864 KB
        vram used                                 : 11028288 KB
        vram usage                                : 16.4 %
        xtt total                                 : 802959600 KB
        xtt used                                  : 865920 KB
        xtt usage                                 : 0.1 %

    Utilization
        GPU                                       : 0 %
        VPUE                                      : 0 %
        VPUD                                      : 0 %

    Hbm Bandwidth
        throughput                                : 312 MBytes/s

    Clock
        HTCORE                                    : 1134 MHz
        HC                                        : 1809 MHz
        VPUE                                      : 544 MHz
        VPUD                                      : 534 MHz

GPU#3  X201  0000:d6:00.0
                         Cu Usage
Index  0   1   2   3   4   5   6   7   8   9   10  11  12  
dpu0   0   0   0   0   0   0   0   0   0   0   0   0   0   
dpu1   0   0   0   0   0   0   0   0   0   0   0   0   0   
dpu2   0   0   0   0   0   0   0   0   0   0   0   0   0   
dpu3   0   0   0   0   0   0   0   0   0   0   0   0   0   
dpu4   0   0   0   0   0   0   0   0   0   0   0   0   0   
dpu5   0   0   0   0   0   0   0   0   0   0   0   0   0   
dpu6   0   0   0   0   0   0   0   0   0   0   0   0   0   
dpu7   0   0   0   0   0   0   0   0   0   0   0   0   0   

    Memory
        vis_vram total                            : 67108864 KB
        vis_vram used                             : 10940032 KB
        vis_vram usage                            : 16.3 %
        vram total                                : 67108864 KB
        vram used                                 : 10940032 KB
        vram usage                                : 16.3 %
        xtt total                                 : 802959600 KB
        xtt used                                  : 865920 KB
        xtt usage                                 : 0.1 %

    Utilization
        GPU                                       : 0 %
        VPUE                                      : 0 %
        VPUD                                      : 0 %

    Hbm Bandwidth
        throughput                                : 319 MBytes/s

    Clock
        HTCORE                                    : 1134 MHz
        HC                                        : 1809 MHz
        VPUE                                      : 544 MHz
        VPUD                                      : 534 MHz

End of Log
===== SAMPLE_35 22:18:00 =====
ht-smi  version: 2.2.12

=================== Mars System Management Interface Log ===================
Timestamp                                         : Fri Oct  2 22:18:00 2026

Attached GPUs                                     : 4
GPU#0  X201  0000:96:00.0
                         Cu Usage
Index  0   1   2   3   4   5   6   7   8   9   10  11  12  
dpu0   0   0   0   0   0   0   0   0   0   0   0   0   0   
dpu1   0   0   0   0   0   0   0   0   0   0   0   0   0   
dpu2   0   0   0   0   0   0   0   0   0   0   0   0   0   
dpu3   0   0   0   0   0   0   0   0   0   0   0   0   0   
dpu4   0   0   0   0   0   0   0   0   0   0   0   0   0   
dpu5   0   0   0   0   0   0   0   0   0   0   0   0   0   
dpu6   0   0   0   0   0   0   0   0   0   0   0   0   0   
dpu7   0   0   0   0   0   0   0   0   0   0   0   0   0   

    Memory
        vis_vram total                            : 67108864 KB
        vis_vram used                             : 6714304 KB
        vis_vram usage                            : 10 %
        vram total                                : 67108864 KB
        vram used                                 : 6714304 KB
        vram usage                                : 10 %
        xtt total                                 : 802959600 KB
        xtt used                                  : 894592 KB
        xtt usage                                 : 0.1 %

    Utilization
        GPU                                       : 0 %
        VPUE                                      : 0 %
        VPUD                                      : 0 %

    Hbm Bandwidth
        throughput                                : 212 MBytes/s

    Clock
        HTCORE                                    : 1134 MHz
        HC                                        : 1809 MHz
        VPUE                                      : 544 MHz
        VPUD                                      : 534 MHz

GPU#1  X201  0000:ab:00.0
                         Cu Usage
Index  0   1   2   3   4   5   6   7   8   9   10  11  12  
dpu0   0   0   0   0   0   0   0   0   0   0   0   0   0   
dpu1   0   0   0   0   0   0   0   0   0   0   0   0   0   
dpu2   0   0   0   0   0   0   0   0   0   0   0   0   0   
dpu3   0   0   0   0   0   0   0   0   0   0   0   0   0   
dpu4   0   0   0   0   0   0   0   0   0   0   0   0   0   
dpu5   0   0   0   0   0   0   0   0   0   0   0   0   0   
dpu6   0   0   0   0   0   0   0   0   0   0   0   0   0   
dpu7   0   0   0   0   0   0   0   0   0   0   0   0   0   

    Memory
        vis_vram total                            : 67108864 KB
        vis_vram used                             : 10417216 KB
        vis_vram usage                            : 15.5 %
        vram total                                : 67108864 KB
        vram used                                 : 10417216 KB
        vram usage                                : 15.5 %
        xtt total                                 : 802959600 KB
        xtt used                                  : 851584 KB
        xtt usage                                 : 0.1 %

    Utilization
        GPU                                       : 0 %
        VPUE                                      : 0 %
        VPUD                                      : 0 %

    Hbm Bandwidth
        throughput                                : 303 MBytes/s

    Clock
        HTCORE                                    : 1134 MHz
        HC                                        : 1809 MHz
        VPUE                                      : 544 MHz
        VPUD                                      : 534 MHz

GPU#2  X201  0000:c1:00.0
                         Cu Usage
Index  0   1   2   3   4   5   6   7   8   9   10  11  12  
dpu0   0   0   0   0   0   0   0   0   0   0   0   0   0   
dpu1   0   0   0   0   0   0   0   0   0   0   0   0   0   
dpu2   0   0   0   0   0   0   0   0   0   0   0   0   0   
dpu3   0   0   0   0   0   0   0   0   0   0   0   0   0   
dpu4   0   0   0   0   0   0   0   0   0   0   0   0   0   
dpu5   0   0   0   0   0   0   0   0   0   0   0   0   0   
dpu6   0   0   0   0   0   0   0   0   0   0   0   0   0   
dpu7   0   0   0   0   0   0   0   0   0   0   0   0   0   

    Memory
        vis_vram total                            : 67108864 KB
        vis_vram used                             : 11027456 KB
        vis_vram usage                            : 16.4 %
        vram total                                : 67108864 KB
        vram used                                 : 11027456 KB
        vram usage                                : 16.4 %
        xtt total                                 : 802959600 KB
        xtt used                                  : 894592 KB
        xtt usage                                 : 0.1 %

    Utilization
        GPU                                       : 0 %
        VPUE                                      : 0 %
        VPUD                                      : 0 %

    Hbm Bandwidth
        throughput                                : 273 MBytes/s

    Clock
        HTCORE                                    : 1134 MHz
        HC                                        : 1809 MHz
        VPUE                                      : 544 MHz
        VPUD                                      : 534 MHz

GPU#3  X201  0000:d6:00.0
                         Cu Usage
Index  0   1   2   3   4   5   6   7   8   9   10  11  12  
dpu0   0   0   0   0   0   0   0   0   0   0   0   0   0   
dpu1   0   0   0   0   0   0   0   0   0   0   0   0   0   
dpu2   0   0   0   0   0   0   0   0   0   0   0   0   0   
dpu3   0   0   0   0   0   0   0   0   0   0   0   0   0   
dpu4   0   0   0   0   0   0   0   0   0   0   0   0   0   
dpu5   0   0   0   0   0   0   0   0   0   0   0   0   0   
dpu6   0   0   0   0   0   0   0   0   0   0   0   0   0   
dpu7   0   0   0   0   0   0   0   0   0   0   0   0   0   

    Memory
        vis_vram total                            : 67108864 KB
        vis_vram used                             : 11992576 KB
        vis_vram usage                            : 17.8 %
        vram total                                : 67108864 KB
        vram used                                 : 11992576 KB
        vram usage                                : 17.8 %
        xtt total                                 : 802959600 KB
        xtt used                                  : 880256 KB
        xtt usage                                 : 0.1 %

    Utilization
        GPU                                       : 0 %
        VPUE                                      : 0 %
        VPUD                                      : 0 %

    Hbm Bandwidth
        throughput                                : 297 MBytes/s

    Clock
        HTCORE                                    : 1134 MHz
        HC                                        : 1809 MHz
        VPUE                                      : 544 MHz
        VPUD                                      : 534 MHz

End of Log
===== SAMPLE_36 22:18:03 =====
ht-smi  version: 2.2.12

=================== Mars System Management Interface Log ===================
Timestamp                                         : Fri Oct  2 22:18:03 2026

Attached GPUs                                     : 4
GPU#0  X201  0000:96:00.0
                         Cu Usage
Index  0   1   2   3   4   5   6   7   8   9   10  11  12  
dpu0   0   0   0   0   0   0   0   0   0   0   0   0   0   
dpu1   0   0   0   0   0   0   0   0   0   0   0   0   0   
dpu2   0   0   0   0   0   0   0   0   0   0   0   0   0   
dpu3   0   0   0   0   0   0   0   0   0   0   0   0   0   
dpu4   0   0   0   0   0   0   0   0   0   0   0   0   0   
dpu5   0   0   0   0   0   0   0   0   0   0   0   0   0   
dpu6   0   0   0   0   0   0   0   0   0   0   0   0   0   
dpu7   0   0   0   0   0   0   0   0   0   0   0   0   0   

    Memory
        vis_vram total                            : 67108864 KB
        vis_vram used                             : 6714112 KB
        vis_vram usage                            : 10 %
        vram total                                : 67108864 KB
        vram used                                 : 6714112 KB
        vram usage                                : 10 %
        xtt total                                 : 802959600 KB
        xtt used                                  : 851584 KB
        xtt usage                                 : 0.1 %

    Utilization
        GPU                                       : 0 %
        VPUE                                      : 0 %
        VPUD                                      : 0 %

    Hbm Bandwidth
        throughput                                : 166 MBytes/s

    Clock
        HTCORE                                    : 1134 MHz
        HC                                        : 1809 MHz
        VPUE                                      : 544 MHz
        VPUD                                      : 534 MHz

GPU#1  X201  0000:ab:00.0
                         Cu Usage
Index  0   1   2   3   4   5   6   7   8   9   10  11  12  
dpu0   0   0   0   0   0   0   0   0   0   0   0   0   0   
dpu1   0   0   0   0   0   0   0   0   0   0   0   0   0   
dpu2   0   0   0   0   0   0   0   0   0   0   0   0   0   
dpu3   0   0   0   0   0   0   0   0   0   0   0   0   0   
dpu4   0   0   0   0   0   0   0   0   0   0   0   0   0   
dpu5   0   0   0   0   0   0   0   0   0   0   0   0   0   
dpu6   0   0   0   0   0   0   0   0   0   0   0   0   0   
dpu7   0   0   0   0   0   0   0   0   0   0   0   0   0   

    Memory
        vis_vram total                            : 67108864 KB
        vis_vram used                             : 10943744 KB
        vis_vram usage                            : 16.3 %
        vram total                                : 67108864 KB
        vram used                                 : 10943744 KB
        vram usage                                : 16.3 %
        xtt total                                 : 802959600 KB
        xtt used                                  : 880256 KB
        xtt usage                                 : 0.1 %

    Utilization
        GPU                                       : 0 %
        VPUE                                      : 0 %
        VPUD                                      : 0 %

    Hbm Bandwidth
        throughput                                : 289 MBytes/s

    Clock
        HTCORE                                    : 1134 MHz
        HC                                        : 1809 MHz
        VPUE                                      : 544 MHz
        VPUD                                      : 534 MHz

GPU#2  X201  0000:c1:00.0
                         Cu Usage
Index  0   1   2   3   4   5   6   7   8   9   10  11  12  
dpu0   0   0   0   0   0   0   0   0   0   0   0   0   0   
dpu1   0   0   0   0   0   0   0   0   0   0   0   0   0   
dpu2   0   0   0   0   0   0   0   0   0   0   0   0   0   
dpu3   0   0   0   0   0   0   0   0   0   0   0   0   0   
dpu4   0   0   0   0   0   0   0   0   0   0   0   0   0   
dpu5   0   0   0   0   0   0   0   0   0   0   0   0   0   
dpu6   0   0   0   0   0   0   0   0   0   0   0   0   0   
dpu7   0   0   0   0   0   0   0   0   0   0   0   0   0   

    Memory
        vis_vram total                            : 67108864 KB
        vis_vram used                             : 11027648 KB
        vis_vram usage                            : 16.4 %
        vram total                                : 67108864 KB
        vram used                                 : 11027648 KB
        vram usage                                : 16.4 %
        xtt total                                 : 802959600 KB
        xtt used                                  : 822912 KB
        xtt usage                                 : 0.1 %

    Utilization
        GPU                                       : 0 %
        VPUE                                      : 0 %
        VPUD                                      : 0 %

    Hbm Bandwidth
        throughput                                : 233 MBytes/s

    Clock
        HTCORE                                    : 1134 MHz
        HC                                        : 1809 MHz
        VPUE                                      : 544 MHz
        VPUD                                      : 534 MHz

GPU#3  X201  0000:d6:00.0
                         Cu Usage
Index  0   1   2   3   4   5   6   7   8   9   10  11  12  
dpu0   0   0   0   0   0   0   0   0   0   0   0   0   0   
dpu1   0   0   0   0   0   0   0   0   0   0   0   0   0   
dpu2   0   0   0   0   0   0   0   0   0   0   0   0   0   
dpu3   0   0   0   0   0   0   0   0   0   0   0   0   0   
dpu4   0   0   0   0   0   0   0   0   0   0   0   0   0   
dpu5   0   0   0   0   0   0   0   0   0   0   0   0   0   
dpu6   0   0   0   0   0   0   0   0   0   0   0   0   0   
dpu7   0   0   0   0   0   0   0   0   0   0   0   0   0   

    Memory
        vis_vram total                            : 67108864 KB
        vis_vram used                             : 12516608 KB
        vis_vram usage                            : 18.6 %
        vram total                                : 67108864 KB
        vram used                                 : 12516608 KB
        vram usage                                : 18.6 %
        xtt total                                 : 802959600 KB
        xtt used                                  : 851584 KB
        xtt usage                                 : 0.1 %

    Utilization
        GPU                                       : 0 %
        VPUE                                      : 0 %
        VPUD                                      : 0 %

    Hbm Bandwidth
        throughput                                : 375 MBytes/s

    Clock
        HTCORE                                    : 1134 MHz
        HC                                        : 1809 MHz
        VPUE                                      : 544 MHz
        VPUD                                      : 534 MHz

End of Log
===== SAMPLE_37 22:18:06 =====
ht-smi  version: 2.2.12

=================== Mars System Management Interface Log ===================
Timestamp                                         : Fri Oct  2 22:18:06 2026

Attached GPUs                                     : 4
GPU#0  X201  0000:96:00.0
                         Cu Usage
Index  0   1   2   3   4   5   6   7   8   9   10  11  12  
dpu0   0   0   0   0   0   0   0   0   0   0   0   0   0   
dpu1   0   0   0   0   0   0   0   0   0   0   0   0   0   
dpu2   0   0   0   0   0   0   0   0   0   0   0   0   0   
dpu3   0   0   0   0   0   0   0   0   0   0   0   0   0   
dpu4   0   0   0   0   0   0   0   0   0   0   0   0   0   
dpu5   0   0   0   0   0   0   0   0   0   0   0   0   0   
dpu6   0   0   0   0   0   0   0   0   0   0   0   0   0   
dpu7   0   0   0   0   0   0   0   0   0   0   0   0   0   

    Memory
        vis_vram total                            : 67108864 KB
        vis_vram used                             : 7238464 KB
        vis_vram usage                            : 10.7 %
        vram total                                : 67108864 KB
        vram used                                 : 7238464 KB
        vram usage                                : 10.7 %
        xtt total                                 : 802959600 KB
        xtt used                                  : 894592 KB
        xtt usage                                 : 0.1 %

    Utilization
        GPU                                       : 0 %
        VPUE                                      : 0 %
        VPUD                                      : 0 %

    Hbm Bandwidth
        throughput                                : 229 MBytes/s

    Clock
        HTCORE                                    : 1134 MHz
        HC                                        : 1809 MHz
        VPUE                                      : 544 MHz
        VPUD                                      : 534 MHz

GPU#1  X201  0000:ab:00.0
                         Cu Usage
Index  0   1   2   3   4   5   6   7   8   9   10  11  12  
dpu0   0   0   0   0   0   0   0   0   0   0   0   0   0   
dpu1   0   0   0   0   0   0   0   0   0   0   0   0   0   
dpu2   0   0   0   0   0   0   0   0   0   0   0   0   0   
dpu3   0   0   0   0   0   0   0   0   0   0   0   0   0   
dpu4   0   0   0   0   0   0   0   0   0   0   0   0   0   
dpu5   0   0   0   0   0   0   0   0   0   0   0   0   0   
dpu6   0   0   0   0   0   0   0   0   0   0   0   0   0   
dpu7   0   0   0   0   0   0   0   0   0   0   0   0   0   

    Memory
        vis_vram total                            : 67108864 KB
        vis_vram used                             : 11469888 KB
        vis_vram usage                            : 17 %
        vram total                                : 67108864 KB
        vram used                                 : 11469888 KB
        vram usage                                : 17 %
        xtt total                                 : 802959600 KB
        xtt used                                  : 851584 KB
        xtt usage                                 : 0.1 %

    Utilization
        GPU                                       : 0 %
        VPUE                                      : 0 %
        VPUD                                      : 0 %

    Hbm Bandwidth
        throughput                                : 341 MBytes/s

    Clock
        HTCORE                                    : 1134 MHz
        HC                                        : 1809 MHz
        VPUE                                      : 544 MHz
        VPUD                                      : 534 MHz

GPU#2  X201  0000:c1:00.0
                         Cu Usage
Index  0   1   2   3   4   5   6   7   8   9   10  11  12  
dpu0   0   0   0   0   0   0   0   0   0   0   0   0   0   
dpu1   0   0   0   0   0   0   0   0   0   0   0   0   0   
dpu2   0   0   0   0   0   0   0   0   0   0   0   0   0   
dpu3   0   0   0   0   0   0   0   0   0   0   0   0   0   
dpu4   0   0   0   0   0   0   0   0   0   0   0   0   0   
dpu5   0   0   0   0   0   0   0   0   0   0   0   0   0   
dpu6   0   0   0   0   0   0   0   0   0   0   0   0   0   
dpu7   0   0   0   0   0   0   0   0   0   0   0   0   0   

    Memory
        vis_vram total                            : 67108864 KB
        vis_vram used                             : 12602624 KB
        vis_vram usage                            : 18.7 %
        vram total                                : 67108864 KB
        vram used                                 : 12602624 KB
        vram usage                                : 18.7 %
        xtt total                                 : 802959600 KB
        xtt used                                  : 851584 KB
        xtt usage                                 : 0.1 %

    Utilization
        GPU                                       : 0 %
        VPUE                                      : 0 %
        VPUD                                      : 0 %

    Hbm Bandwidth
        throughput                                : 365 MBytes/s

    Clock
        HTCORE                                    : 1134 MHz
        HC                                        : 1809 MHz
        VPUE                                      : 544 MHz
        VPUD                                      : 534 MHz

GPU#3  X201  0000:d6:00.0
                         Cu Usage
Index  0   1   2   3   4   5   6   7   8   9   10  11  12  
dpu0   0   0   0   0   0   0   0   0   0   0   0   0   0   
dpu1   0   0   0   0   0   0   0   0   0   0   0   0   0   
dpu2   0   0   0   0   0   0   0   0   0   0   0   0   0   
dpu3   0   0   0   0   0   0   0   0   0   0   0   0   0   
dpu4   0   0   0   0   0   0   0   0   0   0   0   0   0   
dpu5   0   0   0   0   0   0   0   0   0   0   0   0   0   
dpu6   0   0   0   0   0   0   0   0   0   0   0   0   0   
dpu7   0   0   0   0   0   0   0   0   0   0   0   0   0   

    Memory
        vis_vram total                            : 67108864 KB
        vis_vram used                             : 12516992 KB
        vis_vram usage                            : 18.6 %
        vram total                                : 67108864 KB
        vram used                                 : 12516992 KB
        vram usage                                : 18.6 %
        xtt total                                 : 802959600 KB
        xtt used                                  : 837248 KB
        xtt usage                                 : 0.1 %

    Utilization
        GPU                                       : 0 %
        VPUE                                      : 0 %
        VPUD                                      : 0 %

    Hbm Bandwidth
        throughput                                : 355 MBytes/s

    Clock
        HTCORE                                    : 1134 MHz
        HC                                        : 1809 MHz
        VPUE                                      : 544 MHz
        VPUD                                      : 534 MHz

End of Log
===== SAMPLE_38 22:18:09 =====
ht-smi  version: 2.2.12

=================== Mars System Management Interface Log ===================
Timestamp                                         : Fri Oct  2 22:18:09 2026

Attached GPUs                                     : 4
GPU#0  X201  0000:96:00.0
                         Cu Usage
Index  0   1   2   3   4   5   6   7   8   9   10  11  12  
dpu0   0   0   0   0   0   0   0   0   0   0   0   0   0   
dpu1   0   0   0   0   0   0   0   0   0   0   0   0   0   
dpu2   0   0   0   0   0   0   0   0   0   0   0   0   0   
dpu3   0   0   0   0   0   0   0   0   0   0   0   0   0   
dpu4   0   0   0   0   0   0   0   0   0   0   0   0   0   
dpu5   0   0   0   0   0   0   0   0   0   0   0   0   0   
dpu6   0   0   0   0   0   0   0   0   0   0   0   0   0   
dpu7   0   0   0   0   0   0   0   0   0   0   0   0   0   

    Memory
        vis_vram total                            : 67108864 KB
        vis_vram used                             : 7764736 KB
        vis_vram usage                            : 11.5 %
        vram total                                : 67108864 KB
        vram used                                 : 7764736 KB
        vram usage                                : 11.5 %
        xtt total                                 : 802959600 KB
        xtt used                                  : 880256 KB
        xtt usage                                 : 0.1 %

    Utilization
        GPU                                       : 0 %
        VPUE                                      : 0 %
        VPUD                                      : 0 %

    Hbm Bandwidth
        throughput                                : 140 MBytes/s

    Clock
        HTCORE                                    : 1134 MHz
        HC                                        : 1809 MHz
        VPUE                                      : 544 MHz
        VPUD                                      : 534 MHz

GPU#1  X201  0000:ab:00.0
                         Cu Usage
Index  0   1   2   3   4   5   6   7   8   9   10  11  12  
dpu0   0   0   0   0   0   0   0   0   0   0   0   0   0   
dpu1   0   0   0   0   0   0   0   0   0   0   0   0   0   
dpu2   0   0   0   0   0   0   0   0   0   0   0   0   0   
dpu3   0   0   0   0   0   0   0   0   0   0   0   0   0   
dpu4   0   0   0   0   0   0   0   0   0   0   0   0   0   
dpu5   0   0   0   0   0   0   0   0   0   0   0   0   0   
dpu6   0   0   0   0   0   0   0   0   0   0   0   0   0   
dpu7   0   0   0   0   0   0   0   0   0   0   0   0   0   

    Memory
        vis_vram total                            : 67108864 KB
        vis_vram used                             : 11994560 KB
        vis_vram usage                            : 17.8 %
        vram total                                : 67108864 KB
        vram used                                 : 11994560 KB
        vram usage                                : 17.8 %
        xtt total                                 : 802959600 KB
        xtt used                                  : 865920 KB
        xtt usage                                 : 0.1 %

    Utilization
        GPU                                       : 0 %
        VPUE                                      : 0 %
        VPUD                                      : 0 %

    Hbm Bandwidth
        throughput                                : 216 MBytes/s

    Clock
        HTCORE                                    : 1134 MHz
        HC                                        : 1809 MHz
        VPUE                                      : 544 MHz
        VPUD                                      : 534 MHz

GPU#2  X201  0000:c1:00.0
                         Cu Usage
Index  0   1   2   3   4   5   6   7   8   9   10  11  12  
dpu0   0   0   0   0   0   0   0   0   0   0   0   0   0   
dpu1   0   0   0   0   0   0   0   0   0   0   0   0   0   
dpu2   0   0   0   0   0   0   0   0   0   0   0   0   0   
dpu3   0   0   0   0   0   0   0   0   0   0   0   0   0   
dpu4   0   0   0   0   0   0   0   0   0   0   0   0   0   
dpu5   0   0   0   0   0   0   0   0   0   0   0   0   0   
dpu6   0   0   0   0   0   0   0   0   0   0   0   0   0   
dpu7   0   0   0   0   0   0   0   0   0   0   0   0   0   

    Memory
        vis_vram total                            : 67108864 KB
        vis_vram used                             : 12602624 KB
        vis_vram usage                            : 18.7 %
        vram total                                : 67108864 KB
        vram used                                 : 12602624 KB
        vram usage                                : 18.7 %
        xtt total                                 : 802959600 KB
        xtt used                                  : 822912 KB
        xtt usage                                 : 0.1 %

    Utilization
        GPU                                       : 0 %
        VPUE                                      : 0 %
        VPUD                                      : 0 %

    Hbm Bandwidth
        throughput                                : 462 MBytes/s

    Clock
        HTCORE                                    : 1134 MHz
        HC                                        : 1809 MHz
        VPUE                                      : 544 MHz
        VPUD                                      : 534 MHz

GPU#3  X201  0000:d6:00.0
                         Cu Usage
Index  0   1   2   3   4   5   6   7   8   9   10  11  12  
dpu0   0   0   0   0   0   0   0   0   0   0   0   0   0   
dpu1   0   0   0   0   0   0   0   0   0   0   0   0   0   
dpu2   0   0   0   0   0   0   0   0   0   0   0   0   0   
dpu3   0   0   0   0   0   0   0   0   0   0   0   0   0   
dpu4   0   0   0   0   0   0   0   0   0   0   0   0   0   
dpu5   0   0   0   0   0   0   0   0   0   0   0   0   0   
dpu6   0   0   0   0   0   0   0   0   0   0   0   0   0   
dpu7   0   0   0   0   0   0   0   0   0   0   0   0   0   

    Memory
        vis_vram total                            : 67108864 KB
        vis_vram used                             : 12516544 KB
        vis_vram usage                            : 18.6 %
        vram total                                : 67108864 KB
        vram used                                 : 12516544 KB
        vram usage                                : 18.6 %
        xtt total                                 : 802959600 KB
        xtt used                                  : 894592 KB
        xtt usage                                 : 0.1 %

    Utilization
        GPU                                       : 0 %
        VPUE                                      : 0 %
        VPUD                                      : 0 %

    Hbm Bandwidth
        throughput                                : 319 MBytes/s

    Clock
        HTCORE                                    : 1134 MHz
        HC                                        : 1809 MHz
        VPUE                                      : 544 MHz
        VPUD                                      : 534 MHz

End of Log
===== SAMPLE_39 22:18:12 =====
ht-smi  version: 2.2.12

=================== Mars System Management Interface Log ===================
Timestamp                                         : Fri Oct  2 22:18:12 2026

Attached GPUs                                     : 4
GPU#0  X201  0000:96:00.0
                         Cu Usage
Index  0   1   2   3   4   5   6   7   8   9   10  11  12  
dpu0   0   0   0   0   0   0   0   0   0   0   0   0   0   
dpu1   0   0   0   0   0   0   0   0   0   0   0   0   0   
dpu2   0   0   0   0   0   0   0   0   0   0   0   0   0   
dpu3   0   0   0   0   0   0   0   0   0   0   0   0   0   
dpu4   0   0   0   0   0   0   0   0   0   0   0   0   0   
dpu5   0   0   0   0   0   0   0   0   0   0   0   0   0   
dpu6   0   0   0   0   0   0   0   0   0   0   0   0   0   
dpu7   0   0   0   0   0   0   0   0   0   0   0   0   0   

    Memory
        vis_vram total                            : 67108864 KB
        vis_vram used                             : 7764736 KB
        vis_vram usage                            : 11.5 %
        vram total                                : 67108864 KB
        vram used                                 : 7764736 KB
        vram usage                                : 11.5 %
        xtt total                                 : 802959600 KB
        xtt used                                  : 880256 KB
        xtt usage                                 : 0.1 %

    Utilization
        GPU                                       : 0 %
        VPUE                                      : 0 %
        VPUD                                      : 0 %

    Hbm Bandwidth
        throughput                                : 145 MBytes/s

    Clock
        HTCORE                                    : 1134 MHz
        HC                                        : 1809 MHz
        VPUE                                      : 544 MHz
        VPUD                                      : 534 MHz

GPU#1  X201  0000:ab:00.0
                         Cu Usage
Index  0   1   2   3   4   5   6   7   8   9   10  11  12  
dpu0   0   0   0   0   0   0   0   0   0   0   0   0   0   
dpu1   0   0   0   0   0   0   0   0   0   0   0   0   0   
dpu2   0   0   0   0   0   0   0   0   0   0   0   0   0   
dpu3   0   0   0   0   0   0   0   0   0   0   0   0   0   
dpu4   0   0   0   0   0   0   0   0   0   0   0   0   0   
dpu5   0   0   0   0   0   0   0   0   0   0   0   0   0   
dpu6   0   0   0   0   0   0   0   0   0   0   0   0   0   
dpu7   0   0   0   0   0   0   0   0   0   0   0   0   0   

    Memory
        vis_vram total                            : 67108864 KB
        vis_vram used                             : 12520640 KB
        vis_vram usage                            : 18.6 %
        vram total                                : 67108864 KB
        vram used                                 : 12520640 KB
        vram usage                                : 18.6 %
        xtt total                                 : 802959600 KB
        xtt used                                  : 937600 KB
        xtt usage                                 : 0.1 %

    Utilization
        GPU                                       : 0 %
        VPUE                                      : 0 %
        VPUD                                      : 0 %

    Hbm Bandwidth
        throughput                                : 257 MBytes/s

    Clock
        HTCORE                                    : 1134 MHz
        HC                                        : 1809 MHz
        VPUE                                      : 544 MHz
        VPUD                                      : 534 MHz

GPU#2  X201  0000:c1:00.0
                         Cu Usage
Index  0   1   2   3   4   5   6   7   8   9   10  11  12  
dpu0   0   0   0   0   0   0   0   0   0   0   0   0   0   
dpu1   0   0   0   0   0   0   0   0   0   0   0   0   0   
dpu2   0   0   0   0   0   0   0   0   0   0   0   0   0   
dpu3   0   0   0   0   0   0   0   0   0   0   0   0   0   
dpu4   0   0   0   0   0   0   0   0   0   0   0   0   0   
dpu5   0   0   0   0   0   0   0   0   0   0   0   0   0   
dpu6   0   0   0   0   0   0   0   0   0   0   0   0   0   
dpu7   0   0   0   0   0   0   0   0   0   0   0   0   0   

    Memory
        vis_vram total                            : 67108864 KB
        vis_vram used                             : 13127360 KB
        vis_vram usage                            : 19.5 %
        vram total                                : 67108864 KB
        vram used                                 : 13127360 KB
        vram usage                                : 19.5 %
        xtt total                                 : 802959600 KB
        xtt used                                  : 894592 KB
        xtt usage                                 : 0.1 %

    Utilization
        GPU                                       : 0 %
        VPUE                                      : 0 %
        VPUD                                      : 0 %

    Hbm Bandwidth
        throughput                                : 371 MBytes/s

    Clock
        HTCORE                                    : 1134 MHz
        HC                                        : 1809 MHz
        VPUE                                      : 544 MHz
        VPUD                                      : 534 MHz

GPU#3  X201  0000:d6:00.0
                         Cu Usage
Index  0   1   2   3   4   5   6   7   8   9   10  11  12  
dpu0   0   0   0   0   0   0   0   0   0   0   0   0   0   
dpu1   0   0   0   0   0   0   0   0   0   0   0   0   0   
dpu2   0   0   0   0   0   0   0   0   0   0   0   0   0   
dpu3   0   0   0   0   0   0   0   0   0   0   0   0   0   
dpu4   0   0   0   0   0   0   0   0   0   0   0   0   0   
dpu5   0   0   0   0   0   0   0   0   0   0   0   0   0   
dpu6   0   0   0   0   0   0   0   0   0   0   0   0   0   
dpu7   0   0   0   0   0   0   0   0   0   0   0   0   0   

    Memory
        vis_vram total                            : 67108864 KB
        vis_vram used                             : 12516800 KB
        vis_vram usage                            : 18.6 %
        vram total                                : 67108864 KB
        vram used                                 : 12516800 KB
        vram usage                                : 18.6 %
        xtt total                                 : 802959600 KB
        xtt used                                  : 865920 KB
        xtt usage                                 : 0.1 %

    Utilization
        GPU                                       : 0 %
        VPUE                                      : 0 %
        VPUD                                      : 0 %

    Hbm Bandwidth
        throughput                                : 311 MBytes/s

    Clock
        HTCORE                                    : 1134 MHz
        HC                                        : 1809 MHz
        VPUE                                      : 544 MHz
        VPUD                                      : 534 MHz

End of Log
===== SAMPLE_40 22:18:15 =====
ht-smi  version: 2.2.12

=================== Mars System Management Interface Log ===================
Timestamp                                         : Fri Oct  2 22:18:15 2026

Attached GPUs                                     : 4
GPU#0  X201  0000:96:00.0
                         Cu Usage
Index  0   1   2   3   4   5   6   7   8   9   10  11  12  
dpu0   0   0   0   0   0   0   0   0   0   0   0   0   0   
dpu1   0   0   0   0   0   0   0   0   0   0   0   0   0   
dpu2   0   0   0   0   0   0   0   0   0   0   0   0   0   
dpu3   0   0   0   0   0   0   0   0   0   0   0   0   0   
dpu4   0   0   0   0   0   0   0   0   0   0   0   0   0   
dpu5   0   0   0   0   0   0   0   0   0   0   0   0   0   
dpu6   0   0   0   0   0   0   0   0   0   0   0   0   0   
dpu7   0   0   0   0   0   0   0   0   0   0   0   0   0   

    Memory
        vis_vram total                            : 67108864 KB
        vis_vram used                             : 7763968 KB
        vis_vram usage                            : 11.5 %
        vram total                                : 67108864 KB
        vram used                                 : 7763968 KB
        vram usage                                : 11.5 %
        xtt total                                 : 802959600 KB
        xtt used                                  : 805696 KB
        xtt usage                                 : 0.1 %

    Utilization
        GPU                                       : 0 %
        VPUE                                      : 0 %
        VPUD                                      : 0 %

    Hbm Bandwidth
        throughput                                : 170 MBytes/s

    Clock
        HTCORE                                    : 1134 MHz
        HC                                        : 1809 MHz
        VPUE                                      : 544 MHz
        VPUD                                      : 534 MHz

GPU#1  X201  0000:ab:00.0
                         Cu Usage
Index  0   1   2   3   4   5   6   7   8   9   10  11  12  
dpu0   0   0   0   0   0   0   0   0   0   0   0   0   0   
dpu1   0   0   0   0   0   0   0   0   0   0   0   0   0   
dpu2   0   0   0   0   0   0   0   0   0   0   0   0   0   
dpu3   0   0   0   0   0   0   0   0   0   0   0   0   0   
dpu4   0   0   0   0   0   0   0   0   0   0   0   0   0   
dpu5   0   0   0   0   0   0   0   0   0   0   0   0   0   
dpu6   0   0   0   0   0   0   0   0   0   0   0   0   0   
dpu7   0   0   0   0   0   0   0   0   0   0   0   0   0   

    Memory
        vis_vram total                            : 67108864 KB
        vis_vram used                             : 12520448 KB
        vis_vram usage                            : 18.6 %
        vram total                                : 67108864 KB
        vram used                                 : 12520448 KB
        vram usage                                : 18.6 %
        xtt total                                 : 802959600 KB
        xtt used                                  : 891712 KB
        xtt usage                                 : 0.1 %

    Utilization
        GPU                                       : 0 %
        VPUE                                      : 0 %
        VPUD                                      : 0 %

    Hbm Bandwidth
        throughput                                : 328 MBytes/s

    Clock
        HTCORE                                    : 1134 MHz
        HC                                        : 1809 MHz
        VPUE                                      : 544 MHz
        VPUD                                      : 534 MHz

GPU#2  X201  0000:c1:00.0
                         Cu Usage
Index  0   1   2   3   4   5   6   7   8   9   10  11  12  
dpu0   0   0   0   0   0   0   0   0   0   0   0   0   0   
dpu1   0   0   0   0   0   0   0   0   0   0   0   0   0   
dpu2   0   0   0   0   0   0   0   0   0   0   0   0   0   
dpu3   0   0   0   0   0   0   0   0   0   0   0   0   0   
dpu4   0   0   0   0   0   0   0   0   0   0   0   0   0   
dpu5   0   0   0   0   0   0   0   0   0   0   0   0   0   
dpu6   0   0   0   0   0   0   0   0   0   0   0   0   0   
dpu7   0   0   0   0   0   0   0   0   0   0   0   0   0   

    Memory
        vis_vram total                            : 67108864 KB
        vis_vram used                             : 13126080 KB
        vis_vram usage                            : 19.5 %
        vram total                                : 67108864 KB
        vram used                                 : 13126080 KB
        vram usage                                : 19.5 %
        xtt total                                 : 802959600 KB
        xtt used                                  : 834368 KB
        xtt usage                                 : 0.1 %

    Utilization
        GPU                                       : 0 %
        VPUE                                      : 0 %
        VPUD                                      : 0 %

    Hbm Bandwidth
        throughput                                : 394 MBytes/s

    Clock
        HTCORE                                    : 1134 MHz
        HC                                        : 1809 MHz
        VPUE                                      : 544 MHz
        VPUD                                      : 534 MHz

GPU#3  X201  0000:d6:00.0
                         Cu Usage
Index  0   1   2   3   4   5   6   7   8   9   10  11  12  
dpu0   0   0   0   0   0   0   0   0   0   0   0   0   0   
dpu1   0   0   0   0   0   0   0   0   0   0   0   0   0   
dpu2   0   0   0   0   0   0   0   0   0   0   0   0   0   
dpu3   0   0   0   0   0   0   0   0   0   0   0   0   0   
dpu4   0   0   0   0   0   0   0   0   0   0   0   0   0   
dpu5   0   0   0   0   0   0   0   0   0   0   0   0   0   
dpu6   0   0   0   0   0   0   0   0   0   0   0   0   0   
dpu7   0   0   0   0   0   0   0   0   0   0   0   0   0   

    Memory
        vis_vram total                            : 67108864 KB
        vis_vram used                             : 9349440 KB
        vis_vram usage                            : 13.9 %
        vram total                                : 67108864 KB
        vram used                                 : 9349440 KB
        vram usage                                : 13.9 %
        xtt total                                 : 802959600 KB
        xtt used                                  : 834368 KB
        xtt usage                                 : 0.1 %

    Utilization
        GPU                                       : 0 %
        VPUE                                      : 0 %
        VPUD                                      : 0 %

    Hbm Bandwidth
        throughput                                : 268 MBytes/s

    Clock
        HTCORE                                    : 1134 MHz
        HC                                        : 1809 MHz
        VPUE                                      : 544 MHz
        VPUD                                      : 534 MHz

End of Log
===== SAMPLE_41 22:18:18 =====
ht-smi  version: 2.2.12

=================== Mars System Management Interface Log ===================
Timestamp                                         : Fri Oct  2 22:18:18 2026

Attached GPUs                                     : 4
GPU#0  X201  0000:96:00.0
                         Cu Usage
Index  0   1   2   3   4   5   6   7   8   9   10  11  12  
dpu0   0   0   0   0   0   0   0   0   0   0   0   0   0   
dpu1   0   0   0   0   0   0   0   0   0   0   0   0   0   
dpu2   0   0   0   0   0   0   0   0   0   0   0   0   0   
dpu3   0   0   0   0   0   0   0   0   0   0   0   0   0   
dpu4   0   0   0   0   0   0   0   0   0   0   0   0   0   
dpu5   0   0   0   0   0   0   0   0   0   0   0   0   0   
dpu6   0   0   0   0   0   0   0   0   0   0   0   0   0   
dpu7   0   0   0   0   0   0   0   0   0   0   0   0   0   

    Memory
        vis_vram total                            : 67108864 KB
        vis_vram used                             : 7763968 KB
        vis_vram usage                            : 11.5 %
        vram total                                : 67108864 KB
        vram used                                 : 7763968 KB
        vram usage                                : 11.5 %
        xtt total                                 : 802959600 KB
        xtt used                                  : 877376 KB
        xtt usage                                 : 0.1 %

    Utilization
        GPU                                       : 0 %
        VPUE                                      : 0 %
        VPUD                                      : 0 %

    Hbm Bandwidth
        throughput                                : 158 MBytes/s

    Clock
        HTCORE                                    : 1134 MHz
        HC                                        : 1809 MHz
        VPUE                                      : 544 MHz
        VPUD                                      : 534 MHz

GPU#1  X201  0000:ab:00.0
                         Cu Usage
Index  0   1   2   3   4   5   6   7   8   9   10  11  12  
dpu0   0   0   0   0   0   0   0   0   0   0   0   0   0   
dpu1   0   0   0   0   0   0   0   0   0   0   0   0   0   
dpu2   0   0   0   0   0   0   0   0   0   0   0   0   0   
dpu3   0   0   0   0   0   0   0   0   0   0   0   0   0   
dpu4   0   0   0   0   0   0   0   0   0   0   0   0   0   
dpu5   0   0   0   0   0   0   0   0   0   0   0   0   0   
dpu6   0   0   0   0   0   0   0   0   0   0   0   0   0   
dpu7   0   0   0   0   0   0   0   0   0   0   0   0   0   

    Memory
        vis_vram total                            : 67108864 KB
        vis_vram used                             : 12519616 KB
        vis_vram usage                            : 18.6 %
        vram total                                : 67108864 KB
        vram used                                 : 12519616 KB
        vram usage                                : 18.6 %
        xtt total                                 : 802959600 KB
        xtt used                                  : 805696 KB
        xtt usage                                 : 0.1 %

    Utilization
        GPU                                       : 0 %
        VPUE                                      : 0 %
        VPUD                                      : 0 %

    Hbm Bandwidth
        throughput                                : 272 MBytes/s

    Clock
        HTCORE                                    : 1134 MHz
        HC                                        : 1809 MHz
        VPUE                                      : 544 MHz
        VPUD                                      : 534 MHz

GPU#2  X201  0000:c1:00.0
                         Cu Usage
Index  0   1   2   3   4   5   6   7   8   9   10  11  12  
dpu0   0   0   0   0   0   0   0   0   0   0   0   0   0   
dpu1   0   0   0   0   0   0   0   0   0   0   0   0   0   
dpu2   0   0   0   0   0   0   0   0   0   0   0   0   0   
dpu3   0   0   0   0   0   0   0   0   0   0   0   0   0   
dpu4   0   0   0   0   0   0   0   0   0   0   0   0   0   
dpu5   0   0   0   0   0   0   0   0   0   0   0   0   0   
dpu6   0   0   0   0   0   0   0   0   0   0   0   0   0   
dpu7   0   0   0   0   0   0   0   0   0   0   0   0   0   

    Memory
        vis_vram total                            : 67108864 KB
        vis_vram used                             : 13126784 KB
        vis_vram usage                            : 19.5 %
        vram total                                : 67108864 KB
        vram used                                 : 13126784 KB
        vram usage                                : 19.5 %
        xtt total                                 : 802959600 KB
        xtt used                                  : 848704 KB
        xtt usage                                 : 0.1 %

    Utilization
        GPU                                       : 0 %
        VPUE                                      : 0 %
        VPUD                                      : 0 %

    Hbm Bandwidth
        throughput                                : 377 MBytes/s

    Clock
        HTCORE                                    : 1134 MHz
        HC                                        : 1809 MHz
        VPUE                                      : 544 MHz
        VPUD                                      : 534 MHz

GPU#3  X201  0000:d6:00.0
                         Cu Usage
Index  0   1   2   3   4   5   6   7   8   9   10  11  12  
dpu0   0   0   0   0   0   0   0   0   0   0   0   0   0   
dpu1   0   0   0   0   0   0   0   0   0   0   0   0   0   
dpu2   0   0   0   0   0   0   0   0   0   0   0   0   0   
dpu3   0   0   0   0   0   0   0   0   0   0   0   0   0   
dpu4   0   0   0   0   0   0   0   0   0   0   0   0   0   
dpu5   0   0   0   0   0   0   0   0   0   0   0   0   0   
dpu6   0   0   0   0   0   0   0   0   0   0   0   0   0   
dpu7   0   0   0   0   0   0   0   0   0   0   0   0   0   

    Memory
        vis_vram total                            : 67108864 KB
        vis_vram used                             : 9874368 KB
        vis_vram usage                            : 14.7 %
        vram total                                : 67108864 KB
        vram used                                 : 9874368 KB
        vram usage                                : 14.7 %
        xtt total                                 : 802959600 KB
        xtt used                                  : 805696 KB
        xtt usage                                 : 0.1 %

    Utilization
        GPU                                       : 0 %
        VPUE                                      : 0 %
        VPUD                                      : 0 %

    Hbm Bandwidth
        throughput                                : 259 MBytes/s

    Clock
        HTCORE                                    : 1134 MHz
        HC                                        : 1809 MHz
        VPUE                                      : 544 MHz
        VPUD                                      : 534 MHz

End of Log
===== SAMPLE_42 22:18:21 =====
ht-smi  version: 2.2.12

=================== Mars System Management Interface Log ===================
Timestamp                                         : Fri Oct  2 22:18:21 2026

Attached GPUs                                     : 4
GPU#0  X201  0000:96:00.0
                         Cu Usage
Index  0   1   2   3   4   5   6   7   8   9   10  11  12  
dpu0   0   0   0   0   0   0   0   0   0   0   0   0   0   
dpu1   0   0   0   0   0   0   0   0   0   0   0   0   0   
dpu2   0   0   0   0   0   0   0   0   0   0   0   0   0   
dpu3   0   0   0   0   0   0   0   0   0   0   0   0   0   
dpu4   0   0   0   0   0   0   0   0   0   0   0   0   0   
dpu5   0   0   0   0   0   0   0   0   0   0   0   0   0   
dpu6   0   0   0   0   0   0   0   0   0   0   0   0   0   
dpu7   0   0   0   0   0   0   0   0   0   0   0   0   0   

    Memory
        vis_vram total                            : 67108864 KB
        vis_vram used                             : 4623552 KB
        vis_vram usage                            : 6.8 %
        vram total                                : 67108864 KB
        vram used                                 : 4623552 KB
        vram usage                                : 6.8 %
        xtt total                                 : 802959600 KB
        xtt used                                  : 693952 KB
        xtt usage                                 : 0 %

    Utilization
        GPU                                       : 0 %
        VPUE                                      : 0 %
        VPUD                                      : 0 %

    Hbm Bandwidth
        throughput                                : 227 MBytes/s

    Clock
        HTCORE                                    : 1134 MHz
        HC                                        : 1809 MHz
        VPUE                                      : 544 MHz
        VPUD                                      : 534 MHz

GPU#1  X201  0000:ab:00.0
                         Cu Usage
Index  0   1   2   3   4   5   6   7   8   9   10  11  12  
dpu0   0   0   0   0   0   0   0   0   0   0   0   0   0   
dpu1   0   0   0   0   0   0   0   0   0   0   0   0   0   
dpu2   0   0   0   0   0   0   0   0   0   0   0   0   0   
dpu3   0   0   0   0   0   0   0   0   0   0   0   0   0   
dpu4   0   0   0   0   0   0   0   0   0   0   0   0   0   
dpu5   0   0   0   0   0   0   0   0   0   0   0   0   0   
dpu6   0   0   0   0   0   0   0   0   0   0   0   0   0   
dpu7   0   0   0   0   0   0   0   0   0   0   0   0   0   

    Memory
        vis_vram total                            : 67108864 KB
        vis_vram used                             : 12515968 KB
        vis_vram usage                            : 18.6 %
        vram total                                : 67108864 KB
        vram used                                 : 12515968 KB
        vram usage                                : 18.6 %
        xtt total                                 : 802959600 KB
        xtt used                                  : 693888 KB
        xtt usage                                 : 0 %

    Utilization
        GPU                                       : 0 %
        VPUE                                      : 0 %
        VPUD                                      : 0 %

    Hbm Bandwidth
        throughput                                : 334 MBytes/s

    Clock
        HTCORE                                    : 1134 MHz
        HC                                        : 1809 MHz
        VPUE                                      : 544 MHz
        VPUD                                      : 534 MHz

GPU#2  X201  0000:c1:00.0
                         Cu Usage
Index  0   1   2   3   4   5   6   7   8   9   10  11  12  
dpu0   21  22  22  22  22  23  23  23  23  23  22  21  21  
dpu1   22  21  22  22  21  23  23  23  22  22  22  21  22  
dpu2   21  21  21  21  23  22  22  22  23  22  22  22  22  
dpu3   23  22  22  23  22  21  21  21  22  22  22  22  22  
dpu4   21  22  21  21  23  22  22  22  22  22  22  22  22  
dpu5   21  21  21  21  21  21  24  23  23  23  23  23  22  
dpu6   20  21  21  22  22  22  22  23  23  23  23  23  23  
dpu7   23  23  23  21  22  21  22  21  21  20  22  23  24  

    Memory
        vis_vram total                            : 67108864 KB
        vis_vram used                             : 9870144 KB
        vis_vram usage                            : 14.7 %
        vram total                                : 67108864 KB
        vram used                                 : 9870144 KB
        vram usage                                : 14.7 %
        xtt total                                 : 802959600 KB
        xtt used                                  : 679552 KB
        xtt usage                                 : 0 %

    Utilization
        GPU                                       : 22 %
        VPUE                                      : 0 %
        VPUD                                      : 0 %

    Hbm Bandwidth
        throughput                                : 277 MBytes/s

    Clock
        HTCORE                                    : 1134 MHz
        HC                                        : 1809 MHz
        VPUE                                      : 544 MHz
        VPUD                                      : 534 MHz

GPU#3  X201  0000:d6:00.0
                         Cu Usage
Index  0   1   2   3   4   5   6   7   8   9   10  11  12  
dpu0   0   0   0   0   0   0   0   0   0   0   0   0   0   
dpu1   0   0   0   0   0   0   0   0   0   0   0   0   0   
dpu2   0   0   0   0   0   0   0   0   0   0   0   0   0   
dpu3   0   0   0   0   0   0   0   0   0   0   0   0   0   
dpu4   0   0   0   0   0   0   0   0   0   0   0   0   0   
dpu5   0   0   0   0   0   0   0   0   0   0   0   0   0   
dpu6   0   0   0   0   0   0   0   0   0   0   0   0   0   
dpu7   0   0   0   0   0   0   0   0   0   0   0   0   0   

    Memory
        vis_vram total                            : 67108864 KB
        vis_vram used                             : 6703488 KB
        vis_vram usage                            : 9.9 %
        vram total                                : 67108864 KB
        vram used                                 : 6703488 KB
        vram usage                                : 9.9 %
        xtt total                                 : 802959600 KB
        xtt used                                  : 693888 KB
        xtt usage                                 : 0 %

    Utilization
        GPU                                       : 0 %
        VPUE                                      : 0 %
        VPUD                                      : 0 %

    Hbm Bandwidth
        throughput                                : 228 MBytes/s

    Clock
        HTCORE                                    : 1134 MHz
        HC                                        : 1809 MHz
        VPUE                                      : 544 MHz
        VPUD                                      : 534 MHz

End of Log
===== SAMPLE_43 22:18:24 =====
ht-smi  version: 2.2.12

=================== Mars System Management Interface Log ===================
Timestamp                                         : Fri Oct  2 22:18:24 2026

Attached GPUs                                     : 4
GPU#0  X201  0000:96:00.0
                         Cu Usage
Index  0   1   2   3   4   5   6   7   8   9   10  11  12  
dpu0   0   0   0   0   0   0   0   0   0   0   0   0   0   
dpu1   0   0   0   0   0   0   0   0   0   0   0   0   0   
dpu2   0   0   0   0   0   0   0   0   0   0   0   0   0   
dpu3   0   0   0   0   0   0   0   0   0   0   0   0   0   
dpu4   0   0   0   0   0   0   0   0   0   0   0   0   0   
dpu5   0   0   0   0   0   0   0   0   0   0   0   0   0   
dpu6   0   0   0   0   0   0   0   0   0   0   0   0   0   
dpu7   0   0   0   0   0   0   0   0   0   0   0   0   0   

    Memory
        vis_vram total                            : 67108864 KB
        vis_vram used                             : 4621632 KB
        vis_vram usage                            : 6.8 %
        vram total                                : 67108864 KB
        vram used                                 : 4621632 KB
        vram usage                                : 6.8 %
        xtt total                                 : 802959600 KB
        xtt used                                  : 633664 KB
        xtt usage                                 : 0 %

    Utilization
        GPU                                       : 0 %
        VPUE                                      : 0 %
        VPUD                                      : 0 %

    Hbm Bandwidth
        throughput                                : 289 MBytes/s

    Clock
        HTCORE                                    : 1134 MHz
        HC                                        : 1809 MHz
        VPUE                                      : 544 MHz
        VPUD                                      : 534 MHz

GPU#1  X201  0000:ab:00.0
                         Cu Usage
Index  0   1   2   3   4   5   6   7   8   9   10  11  12  
dpu0   0   0   0   0   0   0   0   0   0   0   0   0   0   
dpu1   0   0   0   0   0   0   0   0   0   0   0   0   0   
dpu2   0   0   0   0   0   0   0   0   0   0   0   0   0   
dpu3   0   0   0   0   0   0   0   0   0   0   0   0   0   
dpu4   0   0   0   0   0   0   0   0   0   0   0   0   0   
dpu5   0   0   0   0   0   0   0   0   0   0   0   0   0   
dpu6   0   0   0   0   0   0   0   0   0   0   0   0   0   
dpu7   0   0   0   0   0   0   0   0   0   0   0   0   0   

    Memory
        vis_vram total                            : 67108864 KB
        vis_vram used                             : 12516096 KB
        vis_vram usage                            : 18.6 %
        vram total                                : 67108864 KB
        vram used                                 : 12516096 KB
        vram usage                                : 18.6 %
        xtt total                                 : 802959600 KB
        xtt used                                  : 648000 KB
        xtt usage                                 : 0 %

    Utilization
        GPU                                       : 0 %
        VPUE                                      : 0 %
        VPUD                                      : 0 %

    Hbm Bandwidth
        throughput                                : 305 MBytes/s

    Clock
        HTCORE                                    : 1134 MHz
        HC                                        : 1809 MHz
        VPUE                                      : 544 MHz
        VPUD                                      : 534 MHz

GPU#2  X201  0000:c1:00.0
                         Cu Usage
Index  0   1   2   3   4   5   6   7   8   9   10  11  12  
dpu0   21  21  22  21  22  22  22  22  22  21  21  21  21  
dpu1   22  23  21  21  21  21  21  21  21  22  23  22  22  
dpu2   21  21  22  21  21  22  22  22  22  22  22  21  21  
dpu3   23  23  22  22  21  21  21  21  21  21  22  23  23  
dpu4   23  23  22  21  21  21  21  21  21  22  23  23  23  
dpu5   22  22  22  22  22  22  21  22  22  21  21  22  21  
dpu6   21  21  22  22  22  22  22  21  21  22  22  22  21  
dpu7   21  23  23  22  23  23  21  21  21  21  21  21  21  

    Memory
        vis_vram total                            : 67108864 KB
        vis_vram used                             : 6702656 KB
        vis_vram usage                            : 9.9 %
        vram total                                : 67108864 KB
        vram used                                 : 6702656 KB
        vram usage                                : 9.9 %
        xtt total                                 : 802959600 KB
        xtt used                                  : 633664 KB
        xtt usage                                 : 0 %

    Utilization
        GPU                                       : 22 %
        VPUE                                      : 0 %
        VPUD                                      : 0 %

    Hbm Bandwidth
        throughput                                : 368 MBytes/s

    Clock
        HTCORE                                    : 1134 MHz
        HC                                        : 1809 MHz
        VPUE                                      : 544 MHz
        VPUD                                      : 534 MHz

GPU#3  X201  0000:d6:00.0
                         Cu Usage
Index  0   1   2   3   4   5   6   7   8   9   10  11  12  
dpu0   0   0   0   0   0   0   0   0   0   0   0   0   0   
dpu1   0   0   0   0   0   0   0   0   0   0   0   0   0   
dpu2   0   0   0   0   0   0   0   0   0   0   0   0   0   
dpu3   0   0   0   0   0   0   0   0   0   0   0   0   0   
dpu4   0   0   0   0   0   0   0   0   0   0   0   0   0   
dpu5   0   0   0   0   0   0   0   0   0   0   0   0   0   
dpu6   0   0   0   0   0   0   0   0   0   0   0   0   0   
dpu7   0   0   0   0   0   0   0   0   0   0   0   0   0   

    Memory
        vis_vram total                            : 67108864 KB
        vis_vram used                             : 7227072 KB
        vis_vram usage                            : 10.7 %
        vram total                                : 67108864 KB
        vram used                                 : 7227072 KB
        vram usage                                : 10.7 %
        xtt total                                 : 802959600 KB
        xtt used                                  : 633664 KB
        xtt usage                                 : 0 %

    Utilization
        GPU                                       : 0 %
        VPUE                                      : 0 %
        VPUD                                      : 0 %

    Hbm Bandwidth
        throughput                                : 245 MBytes/s

    Clock
        HTCORE                                    : 1134 MHz
        HC                                        : 1809 MHz
        VPUE                                      : 544 MHz
        VPUD                                      : 534 MHz

End of Log
===== SAMPLE_44 22:18:27 =====
ht-smi  version: 2.2.12

=================== Mars System Management Interface Log ===================
Timestamp                                         : Fri Oct  2 22:18:27 2026

Attached GPUs                                     : 4
GPU#0  X201  0000:96:00.0
                         Cu Usage
Index  0   1   2   3   4   5   6   7   8   9   10  11  12  
dpu0   0   0   0   0   0   0   0   0   0   0   0   0   0   
dpu1   0   0   0   0   0   0   0   0   0   0   0   0   0   
dpu2   0   0   0   0   0   0   0   0   0   0   0   0   0   
dpu3   0   0   0   0   0   0   0   0   0   0   0   0   0   
dpu4   0   0   0   0   0   0   0   0   0   0   0   0   0   
dpu5   0   0   0   0   0   0   0   0   0   0   0   0   0   
dpu6   0   0   0   0   0   0   0   0   0   0   0   0   0   
dpu7   0   0   0   0   0   0   0   0   0   0   0   0   0   

    Memory
        vis_vram total                            : 67108864 KB
        vis_vram used                             : 4620544 KB
        vis_vram usage                            : 6.8 %
        vram total                                : 67108864 KB
        vram used                                 : 4620544 KB
        vram usage                                : 6.8 %
        xtt total                                 : 802959600 KB
        xtt used                                  : 541952 KB
        xtt usage                                 : 0 %

    Utilization
        GPU                                       : 0 %
        VPUE                                      : 0 %
        VPUD                                      : 0 %

    Hbm Bandwidth
        throughput                                : 309 MBytes/s

    Clock
        HTCORE                                    : 1134 MHz
        HC                                        : 1809 MHz
        VPUE                                      : 544 MHz
        VPUD                                      : 534 MHz

GPU#1  X201  0000:ab:00.0
                         Cu Usage
Index  0   1   2   3   4   5   6   7   8   9   10  11  12  
dpu0   0   0   0   0   0   0   0   0   0   0   0   0   0   
dpu1   0   0   0   0   0   0   0   0   0   0   0   0   0   
dpu2   0   0   0   0   0   0   0   0   0   0   0   0   0   
dpu3   0   0   0   0   0   0   0   0   0   0   0   0   0   
dpu4   0   0   0   0   0   0   0   0   0   0   0   0   0   
dpu5   0   0   0   0   0   0   0   0   0   0   0   0   0   
dpu6   0   0   0   0   0   0   0   0   0   0   0   0   0   
dpu7   0   0   0   0   0   0   0   0   0   0   0   0   0   

    Memory
        vis_vram total                            : 67108864 KB
        vis_vram used                             : 10411136 KB
        vis_vram usage                            : 15.5 %
        vram total                                : 67108864 KB
        vram used                                 : 10411136 KB
        vram usage                                : 15.5 %
        xtt total                                 : 802959600 KB
        xtt used                                  : 584960 KB
        xtt usage                                 : 0 %

    Utilization
        GPU                                       : 0 %
        VPUE                                      : 0 %
        VPUD                                      : 0 %

    Hbm Bandwidth
        throughput                                : 555 MBytes/s

    Clock
        HTCORE                                    : 1134 MHz
        HC                                        : 1809 MHz
        VPUE                                      : 544 MHz
        VPUD                                      : 534 MHz

GPU#2  X201  0000:c1:00.0
                         Cu Usage
Index  0   1   2   3   4   5   6   7   8   9   10  11  12  
dpu0   21  21  21  21  21  22  23  23  23  23  22  22  21  
dpu1   21  21  21  21  23  23  23  22  22  21  21  22  21  
dpu2   21  21  21  21  21  22  23  22  23  23  21  21  21  
dpu3   21  21  21  23  23  23  23  23  23  21  22  21  21  
dpu4   22  23  21  21  21  21  21  21  22  23  23  23  23  
dpu5   21  21  21  21  21  21  21  23  23  23  23  23  23  
dpu6   23  21  21  21  21  21  21  21  23  23  24  23  23  
dpu7   23  23  21  21  21  22  21  21  21  23  23  23  23  

    Memory
        vis_vram total                            : 67108864 KB
        vis_vram used                             : 4061120 KB
        vis_vram usage                            : 6 %
        vram total                                : 67108864 KB
        vram used                                 : 4061120 KB
        vram usage                                : 6 %
        xtt total                                 : 802959600 KB
        xtt used                                  : 584960 KB
        xtt usage                                 : 0 %

    Utilization
        GPU                                       : 22 %
        VPUE                                      : 0 %
        VPUD                                      : 0 %

    Hbm Bandwidth
        throughput                                : 121 MBytes/s

    Clock
        HTCORE                                    : 1134 MHz
        HC                                        : 1809 MHz
        VPUE                                      : 544 MHz
        VPUD                                      : 534 MHz

GPU#3  X201  0000:d6:00.0
                         Cu Usage
Index  0   1   2   3   4   5   6   7   8   9   10  11  12  
dpu0   0   0   0   0   0   0   0   0   0   0   0   0   0   
dpu1   0   0   0   0   0   0   0   0   0   0   0   0   0   
dpu2   0   0   0   0   0   0   0   0   0   0   0   0   0   
dpu3   0   0   0   0   0   0   0   0   0   0   0   0   0   
dpu4   0   0   0   0   0   0   0   0   0   0   0   0   0   
dpu5   0   0   0   0   0   0   0   0   0   0   0   0   0   
dpu6   0   0   0   0   0   0   0   0   0   0   0   0   0   
dpu7   0   0   0   0   0   0   0   0   0   0   0   0   0   

    Memory
        vis_vram total                            : 67108864 KB
        vis_vram used                             : 7226240 KB
        vis_vram usage                            : 10.7 %
        vram total                                : 67108864 KB
        vram used                                 : 7226240 KB
        vram usage                                : 10.7 %
        xtt total                                 : 802959600 KB
        xtt used                                  : 570624 KB
        xtt usage                                 : 0 %

    Utilization
        GPU                                       : 0 %
        VPUE                                      : 0 %
        VPUD                                      : 0 %

    Hbm Bandwidth
        throughput                                : 191 MBytes/s

    Clock
        HTCORE                                    : 1134 MHz
        HC                                        : 1809 MHz
        VPUE                                      : 544 MHz
        VPUD                                      : 534 MHz

End of Log
===== SAMPLE_45 22:18:30 =====
ht-smi  version: 2.2.12

=================== Mars System Management Interface Log ===================
Timestamp                                         : Fri Oct  2 22:18:30 2026

Attached GPUs                                     : 4
GPU#0  X201  0000:96:00.0
                         Cu Usage
Index  0   1   2   3   4   5   6   7   8   9   10  11  12  
dpu0   0   0   0   0   0   0   0   0   0   0   0   0   0   
dpu1   0   0   0   0   0   0   0   0   0   0   0   0   0   
dpu2   0   0   0   0   0   0   0   0   0   0   0   0   0   
dpu3   0   0   0   0   0   0   0   0   0   0   0   0   0   
dpu4   0   0   0   0   0   0   0   0   0   0   0   0   0   
dpu5   0   0   0   0   0   0   0   0   0   0   0   0   0   
dpu6   0   0   0   0   0   0   0   0   0   0   0   0   0   
dpu7   0   0   0   0   0   0   0   0   0   0   0   0   0   

    Memory
        vis_vram total                            : 67108864 KB
        vis_vram used                             : 5144128 KB
        vis_vram usage                            : 7.6 %
        vram total                                : 67108864 KB
        vram used                                 : 5144128 KB
        vram usage                                : 7.6 %
        xtt total                                 : 802959600 KB
        xtt used                                  : 527552 KB
        xtt usage                                 : 0 %

    Utilization
        GPU                                       : 0 %
        VPUE                                      : 0 %
        VPUD                                      : 0 %

    Hbm Bandwidth
        throughput                                : 210 MBytes/s

    Clock
        HTCORE                                    : 1134 MHz
        HC                                        : 1809 MHz
        VPUE                                      : 544 MHz
        VPUD                                      : 534 MHz

GPU#1  X201  0000:ab:00.0
                         Cu Usage
Index  0   1   2   3   4   5   6   7   8   9   10  11  12  
dpu0   0   0   0   0   0   0   0   0   0   0   0   0   0   
dpu1   0   0   0   0   0   0   0   0   0   0   0   0   0   
dpu2   0   0   0   0   0   0   0   0   0   0   0   0   0   
dpu3   0   0   0   0   0   1   0   0   0   0   0   0   0   
dpu4   0   0   0   0   0   0   0   0   0   0   0   0   0   
dpu5   0   0   0   0   0   0   0   0   0   0   0   0   0   
dpu6   0   0   0   0   0   0   0   0   0   0   0   0   0   
dpu7   0   0   0   0   0   0   0   0   0   0   0   0   0   

    Memory
        vis_vram total                            : 67108864 KB
        vis_vram used                             : 10410048 KB
        vis_vram usage                            : 15.5 %
        vram total                                : 67108864 KB
        vram used                                 : 10410048 KB
        vram usage                                : 15.5 %
        xtt total                                 : 802959600 KB
        xtt used                                  : 599232 KB
        xtt usage                                 : 0 %

    Utilization
        GPU                                       : 0 %
        VPUE                                      : 0 %
        VPUD                                      : 0 %

    Hbm Bandwidth
        throughput                                : 418 MBytes/s

    Clock
        HTCORE                                    : 1134 MHz
        HC                                        : 1809 MHz
        VPUE                                      : 544 MHz
        VPUD                                      : 534 MHz

GPU#2  X201  0000:c1:00.0
                         Cu Usage
Index  0   1   2   3   4   5   6   7   8   9   10  11  12  
dpu0   0   0   0   0   0   0   0   0   0   0   0   0   0   
dpu1   0   0   0   0   0   0   0   0   0   0   0   0   0   
dpu2   0   0   0   0   0   0   0   0   0   0   0   0   0   
dpu3   0   0   0   0   0   0   0   0   0   0   0   0   0   
dpu4   0   0   0   0   0   0   0   0   0   0   0   0   0   
dpu5   0   0   0   0   0   0   0   0   0   0   0   0   0   
dpu6   0   0   0   0   0   0   0   0   0   0   0   0   0   
dpu7   0   0   0   0   0   0   0   0   0   0   0   0   0   

    Memory
        vis_vram total                            : 67108864 KB
        vis_vram used                             : 4058304 KB
        vis_vram usage                            : 6 %
        vram total                                : 67108864 KB
        vram used                                 : 4058304 KB
        vram usage                                : 6 %
        xtt total                                 : 802959600 KB
        xtt used                                  : 556224 KB
        xtt usage                                 : 0 %

    Utilization
        GPU                                       : 0 %
        VPUE                                      : 0 %
        VPUD                                      : 0 %

    Hbm Bandwidth
        throughput                                : 98 MBytes/s

    Clock
        HTCORE                                    : 1134 MHz
        HC                                        : 1809 MHz
        VPUE                                      : 544 MHz
        VPUD                                      : 534 MHz

GPU#3  X201  0000:d6:00.0
                         Cu Usage
Index  0   1   2   3   4   5   6   7   8   9   10  11  12  
dpu0   0   0   0   0   0   0   0   0   0   0   0   0   0   
dpu1   0   0   0   0   0   0   0   0   0   0   0   0   0   
dpu2   0   0   0   0   0   0   0   0   0   0   0   0   0   
dpu3   0   0   0   0   0   0   0   0   0   0   0   0   0   
dpu4   0   0   0   0   0   0   0   0   0   0   0   0   0   
dpu5   0   0   0   0   0   0   0   0   0   0   0   0   0   
dpu6   0   0   0   0   0   0   0   0   0   0   0   0   0   
dpu7   0   0   0   0   0   0   0   0   0   0   0   0   0   

    Memory
        vis_vram total                            : 67108864 KB
        vis_vram used                             : 7749120 KB
        vis_vram usage                            : 11.5 %
        vram total                                : 67108864 KB
        vram used                                 : 7749120 KB
        vram usage                                : 11.5 %
        xtt total                                 : 802959600 KB
        xtt used                                  : 556224 KB
        xtt usage                                 : 0 %

    Utilization
        GPU                                       : 0 %
        VPUE                                      : 0 %
        VPUD                                      : 0 %

    Hbm Bandwidth
        throughput                                : 167 MBytes/s

    Clock
        HTCORE                                    : 1134 MHz
        HC                                        : 1809 MHz
        VPUE                                      : 544 MHz
        VPUD                                      : 534 MHz

End of Log
===== SAMPLE_46 22:18:34 =====
ht-smi  version: 2.2.12

=================== Mars System Management Interface Log ===================
Timestamp                                         : Fri Oct  2 22:18:34 2026

Attached GPUs                                     : 4
GPU#0  X201  0000:96:00.0
                         Cu Usage
Index  0   1   2   3   4   5   6   7   8   9   10  11  12  
dpu0   0   0   0   0   0   0   0   0   0   0   0   0   0   
dpu1   0   0   0   0   0   0   0   0   0   0   0   0   0   
dpu2   0   0   0   0   0   0   0   0   0   0   0   0   0   
dpu3   0   0   0   0   0   0   0   0   0   0   0   0   0   
dpu4   0   0   0   0   0   0   0   0   0   0   0   0   0   
dpu5   0   0   0   0   0   0   0   0   0   0   0   0   0   
dpu6   0   0   0   0   0   0   0   0   0   0   0   0   0   
dpu7   0   0   0   0   0   0   0   0   0   0   0   0   0   

    Memory
        vis_vram total                            : 67108864 KB
        vis_vram used                             : 5144768 KB
        vis_vram usage                            : 7.6 %
        vram total                                : 67108864 KB
        vram used                                 : 5144768 KB
        vram usage                                : 7.6 %
        xtt total                                 : 802959600 KB
        xtt used                                  : 570560 KB
        xtt usage                                 : 0 %

    Utilization
        GPU                                       : 0 %
        VPUE                                      : 0 %
        VPUD                                      : 0 %

    Hbm Bandwidth
        throughput                                : 351 MBytes/s

    Clock
        HTCORE                                    : 1134 MHz
        HC                                        : 1809 MHz
        VPUE                                      : 544 MHz
        VPUD                                      : 534 MHz

GPU#1  X201  0000:ab:00.0
                         Cu Usage
Index  0   1   2   3   4   5   6   7   8   9   10  11  12  
dpu0   0   0   0   0   0   0   0   0   0   0   0   0   0   
dpu1   0   0   0   0   0   0   0   0   0   0   0   0   0   
dpu2   0   0   0   0   0   0   0   0   0   0   0   0   0   
dpu3   0   0   0   0   0   0   0   0   0   0   0   0   0   
dpu4   0   0   0   0   0   0   0   0   0   0   0   0   0   
dpu5   0   0   0   0   0   0   0   0   0   0   0   0   0   
dpu6   0   0   0   0   0   0   0   0   0   0   0   0   0   
dpu7   0   0   0   0   0   0   0   0   1   0   0   0   0   

    Memory
        vis_vram total                            : 67108864 KB
        vis_vram used                             : 10410560 KB
        vis_vram usage                            : 15.5 %
        vram total                                : 67108864 KB
        vram used                                 : 10410560 KB
        vram usage                                : 15.5 %
        xtt total                                 : 802959600 KB
        xtt used                                  : 527552 KB
        xtt usage                                 : 0 %

    Utilization
        GPU                                       : 0 %
        VPUE                                      : 0 %
        VPUD                                      : 0 %

    Hbm Bandwidth
        throughput                                : 330 MBytes/s

    Clock
        HTCORE                                    : 1134 MHz
        HC                                        : 1809 MHz
        VPUE                                      : 544 MHz
        VPUD                                      : 534 MHz

GPU#2  X201  0000:c1:00.0
                         Cu Usage
Index  0   1   2   3   4   5   6   7   8   9   10  11  12  
dpu0   0   0   0   0   0   0   0   0   0   0   0   0   0   
dpu1   0   0   0   0   0   0   0   0   0   0   0   0   0   
dpu2   0   0   0   0   0   0   0   0   0   0   0   0   0   
dpu3   0   0   0   0   0   0   0   0   0   0   0   0   0   
dpu4   0   0   0   0   0   0   0   0   0   0   0   0   0   
dpu5   0   0   0   0   0   0   0   0   0   0   0   0   0   
dpu6   0   0   0   0   0   0   0   0   0   0   0   0   0   
dpu7   0   0   0   0   0   0   0   0   0   0   0   0   0   

    Memory
        vis_vram total                            : 67108864 KB
        vis_vram used                             : 4058752 KB
        vis_vram usage                            : 6 %
        vram total                                : 67108864 KB
        vram used                                 : 4058752 KB
        vram usage                                : 6 %
        xtt total                                 : 802959600 KB
        xtt used                                  : 556224 KB
        xtt usage                                 : 0 %

    Utilization
        GPU                                       : 0 %
        VPUE                                      : 0 %
        VPUD                                      : 0 %

    Hbm Bandwidth
        throughput                                : 231 MBytes/s

    Clock
        HTCORE                                    : 1134 MHz
        HC                                        : 1809 MHz
        VPUE                                      : 544 MHz
        VPUD                                      : 534 MHz

GPU#3  X201  0000:d6:00.0
                         Cu Usage
Index  0   1   2   3   4   5   6   7   8   9   10  11  12  
dpu0   0   0   0   0   0   0   0   0   0   0   0   0   0   
dpu1   0   0   0   0   0   0   0   0   0   0   0   0   0   
dpu2   0   0   0   0   0   0   0   0   0   0   0   0   0   
dpu3   0   0   0   0   0   0   0   0   0   0   0   0   0   
dpu4   0   0   0   0   0   0   0   0   0   0   0   0   0   
dpu5   0   0   0   0   0   0   0   0   0   0   0   0   0   
dpu6   0   0   0   0   0   0   0   0   0   0   0   0   0   
dpu7   0   0   0   0   0   0   0   0   0   0   0   0   0   

    Memory
        vis_vram total                            : 67108864 KB
        vis_vram used                             : 7750016 KB
        vis_vram usage                            : 11.5 %
        vram total                                : 67108864 KB
        vram used                                 : 7750016 KB
        vram usage                                : 11.5 %
        xtt total                                 : 802959600 KB
        xtt used                                  : 584896 KB
        xtt usage                                 : 0 %

    Utilization
        GPU                                       : 0 %
        VPUE                                      : 0 %
        VPUD                                      : 0 %

    Hbm Bandwidth
        throughput                                : 218 MBytes/s

    Clock
        HTCORE                                    : 1134 MHz
        HC                                        : 1809 MHz
        VPUE                                      : 544 MHz
        VPUD                                      : 534 MHz

End of Log
===== SAMPLE_47 22:18:37 =====
ht-smi  version: 2.2.12

=================== Mars System Management Interface Log ===================
Timestamp                                         : Fri Oct  2 22:18:37 2026

Attached GPUs                                     : 4
GPU#0  X201  0000:96:00.0
                         Cu Usage
Index  0   1   2   3   4   5   6   7   8   9   10  11  12  
dpu0   0   0   0   0   0   0   0   0   0   0   0   0   0   
dpu1   0   0   0   0   0   0   0   0   0   0   0   0   0   
dpu2   0   0   0   0   0   0   0   0   0   0   0   0   0   
dpu3   0   0   0   0   0   0   0   0   0   0   0   0   0   
dpu4   0   0   0   0   0   0   0   0   0   0   0   0   0   
dpu5   0   0   0   0   0   0   0   0   0   0   0   0   0   
dpu6   0   0   0   0   0   0   0   0   0   0   0   0   0   
dpu7   0   0   0   0   0   0   0   0   0   0   0   0   0   

    Memory
        vis_vram total                            : 67108864 KB
        vis_vram used                             : 5669056 KB
        vis_vram usage                            : 8.4 %
        vram total                                : 67108864 KB
        vram used                                 : 5669056 KB
        vram usage                                : 8.4 %
        xtt total                                 : 802959600 KB
        xtt used                                  : 527552 KB
        xtt usage                                 : 0 %

    Utilization
        GPU                                       : 0 %
        VPUE                                      : 0 %
        VPUD                                      : 0 %

    Hbm Bandwidth
        throughput                                : 307 MBytes/s

    Clock
        HTCORE                                    : 1134 MHz
        HC                                        : 1809 MHz
        VPUE                                      : 544 MHz
        VPUD                                      : 534 MHz

GPU#1  X201  0000:ab:00.0
                         Cu Usage
Index  0   1   2   3   4   5   6   7   8   9   10  11  12  
dpu0   0   0   0   0   0   0   0   0   0   0   0   0   0   
dpu1   0   0   0   0   0   0   0   0   0   0   0   0   0   
dpu2   0   0   0   0   0   0   0   0   0   0   0   1   0   
dpu3   0   0   0   0   0   0   0   0   0   0   0   0   0   
dpu4   0   0   0   0   0   0   0   0   0   0   0   0   0   
dpu5   0   0   0   0   0   0   0   0   0   0   0   0   0   
dpu6   0   0   0   0   0   0   0   0   0   0   0   0   0   
dpu7   0   0   0   0   0   0   0   0   0   0   0   0   0   

    Memory
        vis_vram total                            : 67108864 KB
        vis_vram used                             : 10934208 KB
        vis_vram usage                            : 16.2 %
        vram total                                : 67108864 KB
        vram used                                 : 10934208 KB
        vram usage                                : 16.2 %
        xtt total                                 : 802959600 KB
        xtt used                                  : 556224 KB
        xtt usage                                 : 0 %

    Utilization
        GPU                                       : 0 %
        VPUE                                      : 0 %
        VPUD                                      : 0 %

    Hbm Bandwidth
        throughput                                : 497 MBytes/s

    Clock
        HTCORE                                    : 1134 MHz
        HC                                        : 1809 MHz
        VPUE                                      : 544 MHz
        VPUD                                      : 534 MHz

GPU#2  X201  0000:c1:00.0
                         Cu Usage
Index  0   1   2   3   4   5   6   7   8   9   10  11  12  
dpu0   0   0   0   0   0   0   0   0   0   0   0   0   0   
dpu1   0   0   0   0   0   0   0   0   0   0   0   0   0   
dpu2   0   0   0   0   0   0   0   0   0   0   0   0   0   
dpu3   0   0   0   0   0   0   0   0   0   0   0   0   0   
dpu4   0   0   0   0   0   0   0   0   0   0   0   0   0   
dpu5   0   0   0   0   0   0   0   0   0   0   0   0   0   
dpu6   0   0   0   0   0   0   0   0   0   0   0   0   0   
dpu7   0   0   0   0   0   0   0   0   0   0   0   0   0   

    Memory
        vis_vram total                            : 67108864 KB
        vis_vram used                             : 4058304 KB
        vis_vram usage                            : 6 %
        vram total                                : 67108864 KB
        vram used                                 : 4058304 KB
        vram usage                                : 6 %
        xtt total                                 : 802959600 KB
        xtt used                                  : 570560 KB
        xtt usage                                 : 0 %

    Utilization
        GPU                                       : 0 %
        VPUE                                      : 0 %
        VPUD                                      : 0 %

    Hbm Bandwidth
        throughput                                : 122 MBytes/s

    Clock
        HTCORE                                    : 1134 MHz
        HC                                        : 1809 MHz
        VPUE                                      : 544 MHz
        VPUD                                      : 534 MHz

GPU#3  X201  0000:d6:00.0
                         Cu Usage
Index  0   1   2   3   4   5   6   7   8   9   10  11  12  
dpu0   0   0   0   0   0   0   0   0   0   0   0   0   0   
dpu1   0   0   0   0   0   0   0   0   0   0   0   0   0   
dpu2   0   0   0   0   0   0   0   0   0   0   0   0   0   
dpu3   0   0   0   0   0   0   0   0   0   0   0   0   0   
dpu4   0   0   0   0   0   0   0   0   0   0   0   0   0   
dpu5   0   0   0   0   0   0   0   0   0   0   0   0   0   
dpu6   0   0   0   0   0   0   0   0   0   0   0   0   0   
dpu7   0   0   0   0   0   0   0   0   0   0   0   0   0   

    Memory
        vis_vram total                            : 67108864 KB
        vis_vram used                             : 7749120 KB
        vis_vram usage                            : 11.5 %
        vram total                                : 67108864 KB
        vram used                                 : 7749120 KB
        vram usage                                : 11.5 %
        xtt total                                 : 802959600 KB
        xtt used                                  : 556224 KB
        xtt usage                                 : 0 %

    Utilization
        GPU                                       : 0 %
        VPUE                                      : 0 %
        VPUD                                      : 0 %

    Hbm Bandwidth
        throughput                                : 176 MBytes/s

    Clock
        HTCORE                                    : 1134 MHz
        HC                                        : 1809 MHz
        VPUE                                      : 544 MHz
        VPUD                                      : 534 MHz

End of Log
===== SAMPLE_48 22:18:40 =====
ht-smi  version: 2.2.12

=================== Mars System Management Interface Log ===================
Timestamp                                         : Fri Oct  2 22:18:40 2026

Attached GPUs                                     : 4
GPU#0  X201  0000:96:00.0
                         Cu Usage
Index  0   1   2   3   4   5   6   7   8   9   10  11  12  
dpu0   0   0   0   0   0   0   0   0   0   0   0   0   0   
dpu1   0   0   0   0   0   0   0   0   0   0   0   0   0   
dpu2   0   0   0   0   0   0   0   0   0   0   0   0   0   
dpu3   0   0   0   0   0   0   0   0   0   0   0   0   0   
dpu4   0   0   0   0   0   0   0   0   0   0   0   0   0   
dpu5   0   0   0   0   0   0   0   0   0   0   0   0   0   
dpu6   0   0   0   0   0   0   0   0   0   0   0   0   0   
dpu7   0   0   0   0   0   0   0   0   0   0   0   0   0   

    Memory
        vis_vram total                            : 67108864 KB
        vis_vram used                             : 6192320 KB
        vis_vram usage                            : 9.2 %
        vram total                                : 67108864 KB
        vram used                                 : 6192320 KB
        vram usage                                : 9.2 %
        xtt total                                 : 802959600 KB
        xtt used                                  : 450112 KB
        xtt usage                                 : 0 %

    Utilization
        GPU                                       : 0 %
        VPUE                                      : 0 %
        VPUD                                      : 0 %

    Hbm Bandwidth
        throughput                                : 496 MBytes/s

    Clock
        HTCORE                                    : 1134 MHz
        HC                                        : 1809 MHz
        VPUE                                      : 544 MHz
        VPUD                                      : 534 MHz

GPU#1  X201  0000:ab:00.0
                         Cu Usage
Index  0   1   2   3   4   5   6   7   8   9   10  11  12  
dpu0   0   0   0   0   0   0   0   0   0   0   0   0   0   
dpu1   0   0   0   0   0   0   0   0   0   0   0   0   0   
dpu2   0   0   0   0   0   0   0   0   0   0   0   0   0   
dpu3   0   0   0   0   0   0   0   0   0   0   0   0   0   
dpu4   0   0   0   0   0   0   0   0   0   0   0   0   0   
dpu5   0   0   0   0   0   0   0   0   0   0   0   0   0   
dpu6   0   0   0   0   0   0   0   0   0   0   0   0   0   
dpu7   0   0   0   0   0   0   0   1   0   0   0   0   0   

    Memory
        vis_vram total                            : 67108864 KB
        vis_vram used                             : 7766592 KB
        vis_vram usage                            : 11.5 %
        vram total                                : 67108864 KB
        vram used                                 : 7766592 KB
        vram usage                                : 11.5 %
        xtt total                                 : 802959600 KB
        xtt used                                  : 421440 KB
        xtt usage                                 : 0 %

    Utilization
        GPU                                       : 0 %
        VPUE                                      : 0 %
        VPUD                                      : 0 %

    Hbm Bandwidth
        throughput                                : 473 MBytes/s

    Clock
        HTCORE                                    : 1134 MHz
        HC                                        : 1809 MHz
        VPUE                                      : 544 MHz
        VPUD                                      : 534 MHz

GPU#2  X201  0000:c1:00.0
                         Cu Usage
Index  0   1   2   3   4   5   6   7   8   9   10  11  12  
dpu0   0   0   0   0   0   0   0   0   0   0   0   0   0   
dpu1   0   0   0   0   0   0   0   0   0   0   0   0   0   
dpu2   0   0   0   0   0   0   0   0   0   0   0   0   0   
dpu3   0   0   0   0   0   0   0   0   0   0   0   0   0   
dpu4   0   0   0   0   0   0   0   0   0   0   0   0   0   
dpu5   0   0   0   0   0   0   0   0   0   0   0   0   0   
dpu6   0   0   0   0   0   0   0   0   0   0   0   0   0   
dpu7   0   0   0   0   0   0   0   0   0   0   0   0   0   

    Memory
        vis_vram total                            : 67108864 KB
        vis_vram used                             : 4581248 KB
        vis_vram usage                            : 6.8 %
        vram total                                : 67108864 KB
        vram used                                 : 4581248 KB
        vram usage                                : 6.8 %
        xtt total                                 : 802959600 KB
        xtt used                                  : 450112 KB
        xtt usage                                 : 0 %

    Utilization
        GPU                                       : 0 %
        VPUE                                      : 0 %
        VPUD                                      : 0 %

    Hbm Bandwidth
        throughput                                : 224 MBytes/s

    Clock
        HTCORE                                    : 1134 MHz
        HC                                        : 1809 MHz
        VPUE                                      : 544 MHz
        VPUD                                      : 534 MHz

GPU#3  X201  0000:d6:00.0
                         Cu Usage
Index  0   1   2   3   4   5   6   7   8   9   10  11  12  
dpu0   0   0   0   0   0   0   0   0   0   0   0   0   0   
dpu1   0   0   0   0   0   0   0   0   0   0   0   0   0   
dpu2   0   0   0   0   0   0   0   0   0   0   0   0   0   
dpu3   0   0   0   0   0   0   0   0   0   0   0   0   0   
dpu4   0   0   0   0   0   0   0   0   0   0   0   0   0   
dpu5   0   0   0   0   0   0   0   0   0   0   0   0   0   
dpu6   0   0   0   0   0   0   0   0   0   0   0   0   0   
dpu7   0   0   0   0   0   0   0   0   0   0   0   0   0   

    Memory
        vis_vram total                            : 67108864 KB
        vis_vram used                             : 4580608 KB
        vis_vram usage                            : 6.8 %
        vram total                                : 67108864 KB
        vram used                                 : 4580608 KB
        vram usage                                : 6.8 %
        xtt total                                 : 802959600 KB
        xtt used                                  : 435776 KB
        xtt usage                                 : 0 %

    Utilization
        GPU                                       : 0 %
        VPUE                                      : 0 %
        VPUD                                      : 0 %

    Hbm Bandwidth
        throughput                                : 1 MBytes/s

    Clock
        HTCORE                                    : 1134 MHz
        HC                                        : 1809 MHz
        VPUE                                      : 544 MHz
        VPUD                                      : 534 MHz

End of Log
===== SAMPLE_49 22:18:43 =====
ht-smi  version: 2.2.12

=================== Mars System Management Interface Log ===================
Timestamp                                         : Fri Oct  2 22:18:43 2026

Attached GPUs                                     : 4
GPU#0  X201  0000:96:00.0
                         Cu Usage
Index  0   1   2   3   4   5   6   7   8   9   10  11  12  
dpu0   0   0   0   0   0   0   0   0   0   0   0   0   0   
dpu1   0   0   0   0   0   0   0   0   0   0   0   0   0   
dpu2   0   0   0   0   0   0   0   0   0   0   0   0   0   
dpu3   0   0   0   0   0   0   0   0   0   0   0   0   0   
dpu4   0   0   0   1   0   0   0   0   0   1   0   0   0   
dpu5   0   0   0   0   0   0   0   0   0   0   0   0   0   
dpu6   0   0   0   0   0   0   0   0   0   0   0   0   0   
dpu7   0   0   0   0   0   0   0   0   0   0   0   0   1   

    Memory
        vis_vram total                            : 67108864 KB
        vis_vram used                             : 6716032 KB
        vis_vram usage                            : 10 %
        vram total                                : 67108864 KB
        vram used                                 : 6716032 KB
        vram usage                                : 10 %
        xtt total                                 : 802959600 KB
        xtt used                                  : 452224 KB
        xtt usage                                 : 0 %

    Utilization
        GPU                                       : 0 %
        VPUE                                      : 0 %
        VPUD                                      : 0 %

    Hbm Bandwidth
        throughput                                : 406 MBytes/s

    Clock
        HTCORE                                    : 1134 MHz
        HC                                        : 1809 MHz
        VPUE                                      : 544 MHz
        VPUD                                      : 534 MHz

GPU#1  X201  0000:ab:00.0
                         Cu Usage
Index  0   1   2   3   4   5   6   7   8   9   10  11  12  
dpu0   0   0   0   0   0   0   0   0   0   0   0   0   0   
dpu1   0   0   0   0   0   0   0   0   0   0   0   0   0   
dpu2   0   0   0   0   0   0   0   0   0   0   0   1   0   
dpu3   0   0   0   0   0   0   0   0   0   0   0   0   0   
dpu4   0   0   0   0   0   0   0   0   0   0   0   0   0   
dpu5   0   0   0   0   0   0   0   0   0   0   0   0   0   
dpu6   0   0   0   0   0   0   0   0   0   0   0   0   0   
dpu7   0   0   0   0   0   0   0   0   0   0   0   0   0   

    Memory
        vis_vram total                            : 67108864 KB
        vis_vram used                             : 8290240 KB
        vis_vram usage                            : 12.3 %
        vram total                                : 67108864 KB
        vram used                                 : 8290240 KB
        vram usage                                : 12.3 %
        xtt total                                 : 802959600 KB
        xtt used                                  : 423552 KB
        xtt usage                                 : 0 %

    Utilization
        GPU                                       : 0 %
        VPUE                                      : 0 %
        VPUD                                      : 0 %

    Hbm Bandwidth
        throughput                                : 325 MBytes/s

    Clock
        HTCORE                                    : 1134 MHz
        HC                                        : 1809 MHz
        VPUE                                      : 544 MHz
        VPUD                                      : 534 MHz

GPU#2  X201  0000:c1:00.0
                         Cu Usage
Index  0   1   2   3   4   5   6   7   8   9   10  11  12  
dpu0   2   6   6   6   6   6   2   2   2   2   2   2   2   
dpu1   1   6   6   6   6   6   1   1   1   1   1   1   1   
dpu2   1   1   1   1   6   6   6   6   6   1   1   1   1   
dpu3   1   6   6   6   6   6   6   1   1   1   1   1   1   
dpu4   6   6   6   6   1   1   1   1   1   1   1   6   6   
dpu5   1   1   1   1   1   1   1   6   6   6   6   6   6   
dpu6   6   6   6   1   1   1   1   1   1   1   6   6   6   
dpu7   1   1   1   1   6   6   6   6   6   6   1   1   1   

    Memory
        vis_vram total                            : 67108864 KB
        vis_vram used                             : 61826048 KB
        vis_vram usage                            : 92.1 %
        vram total                                : 67108864 KB
        vram used                                 : 61826048 KB
        vram usage                                : 92.1 %
        xtt total                                 : 802959600 KB
        xtt used                                  : 423552 KB
        xtt usage                                 : 0 %

    Utilization
        GPU                                       : 3 %
        VPUE                                      : 0 %
        VPUD                                      : 0 %

    Hbm Bandwidth
        throughput                                : 244918 MBytes/s

    Clock
        HTCORE                                    : 1134 MHz
        HC                                        : 1809 MHz
        VPUE                                      : 544 MHz
        VPUD                                      : 534 MHz

GPU#3  X201  0000:d6:00.0
                         Cu Usage
Index  0   1   2   3   4   5   6   7   8   9   10  11  12  
dpu0   0   0   0   0   0   0   0   0   0   0   0   0   0   
dpu1   0   0   0   0   0   0   0   0   0   0   0   0   0   
dpu2   0   0   0   0   0   0   0   0   0   0   0   0   0   
dpu3   0   0   0   0   0   0   0   0   0   0   0   0   0   
dpu4   0   0   0   0   0   0   0   0   0   0   0   0   0   
dpu5   0   0   0   0   0   0   0   0   0   0   0   0   0   
dpu6   0   0   0   0   0   0   0   0   0   0   0   0   0   
dpu7   0   0   0   0   0   0   0   0   0   0   0   0   0   

    Memory
        vis_vram total                            : 67108864 KB
        vis_vram used                             : 889856 KB
        vis_vram usage                            : 1.3 %
        vram total                                : 67108864 KB
        vram used                                 : 889856 KB
        vram usage                                : 1.3 %
        xtt total                                 : 802959600 KB
        xtt used                                  : 466560 KB
        xtt usage                                 : 0 %

    Utilization
        GPU                                       : 0 %
        VPUE                                      : 0 %
        VPUD                                      : 0 %

    Hbm Bandwidth
        throughput                                : 1 MBytes/s

    Clock
        HTCORE                                    : 437 MHz
        HC                                        : 1809 MHz
        VPUE                                      : 544 MHz
        VPUD                                      : 534 MHz

End of Log
===== SAMPLE_50 22:18:46 =====
ht-smi  version: 2.2.12

=================== Mars System Management Interface Log ===================
Timestamp                                         : Fri Oct  2 22:18:46 2026

Attached GPUs                                     : 4
GPU#0  X201  0000:96:00.0
                         Cu Usage
Index  0   1   2   3   4   5   6   7   8   9   10  11  12  
dpu0   0   0   0   0   0   0   0   0   0   0   0   0   0   
dpu1   0   0   0   0   0   0   0   0   0   0   0   0   0   
dpu2   0   0   0   0   0   0   0   0   0   0   0   0   0   
dpu3   0   0   1   0   0   0   0   0   0   0   0   0   0   
dpu4   0   0   0   0   0   0   0   0   0   0   0   0   0   
dpu5   0   0   0   0   0   0   0   0   0   0   0   0   0   
dpu6   0   0   0   0   0   0   0   0   0   0   0   1   0   
dpu7   0   0   0   0   0   0   0   0   0   0   0   0   0   

    Memory
        vis_vram total                            : 67108864 KB
        vis_vram used                             : 6713408 KB
        vis_vram usage                            : 10 %
        vram total                                : 67108864 KB
        vram used                                 : 6713408 KB
        vram usage                                : 10 %
        xtt total                                 : 802959600 KB
        xtt used                                  : 344000 KB
        xtt usage                                 : 0 %

    Utilization
        GPU                                       : 0 %
        VPUE                                      : 0 %
        VPUD                                      : 0 %

    Hbm Bandwidth
        throughput                                : 496 MBytes/s

    Clock
        HTCORE                                    : 1134 MHz
        HC                                        : 1809 MHz
        VPUE                                      : 544 MHz
        VPUD                                      : 534 MHz

GPU#1  X201  0000:ab:00.0
                         Cu Usage
Index  0   1   2   3   4   5   6   7   8   9   10  11  12  
dpu0   0   0   0   0   0   0   0   0   0   0   0   0   0   
dpu1   0   0   0   0   0   0   0   0   0   0   0   0   0   
dpu2   0   0   0   0   0   0   0   0   0   0   0   0   0   
dpu3   0   0   0   0   0   0   0   0   0   0   0   0   0   
dpu4   0   0   0   0   0   0   0   0   0   0   0   0   0   
dpu5   0   0   1   1   1   0   1   1   1   1   1   1   1   
dpu6   0   0   0   0   0   0   0   0   0   0   0   0   0   
dpu7   0   0   0   0   0   0   0   0   0   0   0   0   0   

    Memory
        vis_vram total                            : 67108864 KB
        vis_vram used                             : 8288384 KB
        vis_vram usage                            : 12.3 %
        vram total                                : 67108864 KB
        vram used                                 : 8288384 KB
        vram usage                                : 12.3 %
        xtt total                                 : 802959600 KB
        xtt used                                  : 358336 KB
        xtt usage                                 : 0 %

    Utilization
        GPU                                       : 0 %
        VPUE                                      : 0 %
        VPUD                                      : 0 %

    Hbm Bandwidth
        throughput                                : 479 MBytes/s

    Clock
        HTCORE                                    : 1134 MHz
        HC                                        : 1809 MHz
        VPUE                                      : 544 MHz
        VPUD                                      : 534 MHz

GPU#2  X201  0000:c1:00.0
                         Cu Usage
Index  0   1   2   3   4   5   6   7   8   9   10  11  12  
dpu0   0   0   0   0   0   0   0   0   0   0   0   0   0   
dpu1   0   0   0   0   0   0   0   0   0   0   0   0   0   
dpu2   0   0   0   0   0   0   0   0   0   0   0   0   0   
dpu3   0   0   0   0   0   0   0   0   0   0   0   0   0   
dpu4   0   0   0   0   0   0   0   0   0   0   0   0   0   
dpu5   0   0   0   0   0   0   0   0   0   0   0   0   0   
dpu6   0   0   0   0   0   0   0   0   0   0   0   0   0   
dpu7   0   0   0   0   0   0   0   0   0   0   0   0   0   

    Memory
        vis_vram total                            : 67108864 KB
        vis_vram used                             : 888000 KB
        vis_vram usage                            : 1.3 %
        vram total                                : 67108864 KB
        vram used                                 : 888000 KB
        vram usage                                : 1.3 %
        xtt total                                 : 802959600 KB
        xtt used                                  : 372672 KB
        xtt usage                                 : 0 %

    Utilization
        GPU                                       : 0 %
        VPUE                                      : 0 %
        VPUD                                      : 0 %

    Hbm Bandwidth
        throughput                                : 2 MBytes/s

    Clock
        HTCORE                                    : 909 MHz
        HC                                        : 1809 MHz
        VPUE                                      : 544 MHz
        VPUD                                      : 534 MHz

GPU#3  X201  0000:d6:00.0
                         Cu Usage
Index  0   1   2   3   4   5   6   7   8   9   10  11  12  
dpu0   0   0   0   0   0   0   0   0   0   0   0   0   0   
dpu1   0   0   0   0   0   0   0   0   0   0   0   0   0   
dpu2   0   0   0   0   0   0   0   0   0   0   0   0   0   
dpu3   0   0   0   0   0   0   0   0   0   0   0   0   0   
dpu4   0   0   0   0   0   0   0   0   0   0   0   0   0   
dpu5   0   0   0   0   0   0   0   0   0   0   0   0   0   
dpu6   0   0   0   0   0   0   0   0   0   0   0   0   0   
dpu7   0   0   0   0   0   0   0   0   0   0   0   0   0   

    Memory
        vis_vram total                            : 67108864 KB
        vis_vram used                             : 888000 KB
        vis_vram usage                            : 1.3 %
        vram total                                : 67108864 KB
        vram used                                 : 888000 KB
        vram usage                                : 1.3 %
        xtt total                                 : 802959600 KB
        xtt used                                  : 387008 KB
        xtt usage                                 : 0 %

    Utilization
        GPU                                       : 0 %
        VPUE                                      : 0 %
        VPUD                                      : 0 %

    Hbm Bandwidth
        throughput                                : 1 MBytes/s

    Clock
        HTCORE                                    : 437 MHz
        HC                                        : 1809 MHz
        VPUE                                      : 544 MHz
        VPUD                                      : 534 MHz

End of Log
===== SAMPLE_51 22:18:49 =====
ht-smi  version: 2.2.12

=================== Mars System Management Interface Log ===================
Timestamp                                         : Fri Oct  2 22:18:49 2026

Attached GPUs                                     : 4
GPU#0  X201  0000:96:00.0
                         Cu Usage
Index  0   1   2   3   4   5   6   7   8   9   10  11  12  
dpu0   0   0   0   0   0   0   0   0   0   1   0   0   0   
dpu1   0   0   0   0   0   0   0   0   0   0   1   0   1   
dpu2   0   0   0   0   0   0   0   0   0   0   0   0   1   
dpu3   0   1   0   0   0   0   0   1   1   0   0   0   0   
dpu4   0   0   0   0   0   0   1   0   0   0   0   1   0   
dpu5   1   0   0   0   0   0   0   0   1   0   0   0   0   
dpu6   1   0   1   0   0   1   0   1   0   0   0   0   1   
dpu7   0   0   0   0   0   0   1   0   0   0   0   1   0   

    Memory
        vis_vram total                            : 67108864 KB
        vis_vram used                             : 6713088 KB
        vis_vram usage                            : 10 %
        vram total                                : 67108864 KB
        vram used                                 : 6713088 KB
        vram usage                                : 10 %
        xtt total                                 : 802959600 KB
        xtt used                                  : 283776 KB
        xtt usage                                 : 0 %

    Utilization
        GPU                                       : 0 %
        VPUE                                      : 0 %
        VPUD                                      : 0 %

    Hbm Bandwidth
        throughput                                : 474 MBytes/s

    Clock
        HTCORE                                    : 1134 MHz
        HC                                        : 1809 MHz
        VPUE                                      : 544 MHz
        VPUD                                      : 534 MHz

GPU#1  X201  0000:ab:00.0
                         Cu Usage
Index  0   1   2   3   4   5   6   7   8   9   10  11  12  
dpu0   0   0   0   0   0   0   0   0   0   0   0   0   0   
dpu1   0   0   0   0   0   0   0   0   0   0   0   0   0   
dpu2   0   0   0   0   1   0   0   0   0   0   0   0   1   
dpu3   0   0   0   0   0   0   0   0   0   0   0   0   0   
dpu4   0   0   0   0   0   0   0   0   0   0   0   0   0   
dpu5   0   0   0   0   0   0   0   0   0   0   0   0   0   
dpu6   0   0   0   0   0   0   0   0   0   0   0   0   0   
dpu7   0   0   0   0   0   0   0   0   0   0   0   0   0   

    Memory
        vis_vram total                            : 67108864 KB
        vis_vram used                             : 5121280 KB
        vis_vram usage                            : 7.6 %
        vram total                                : 67108864 KB
        vram used                                 : 5121280 KB
        vram usage                                : 7.6 %
        xtt total                                 : 802959600 KB
        xtt used                                  : 283776 KB
        xtt usage                                 : 0 %

    Utilization
        GPU                                       : 0 %
        VPUE                                      : 0 %
        VPUD                                      : 0 %

    Hbm Bandwidth
        throughput                                : 450 MBytes/s

    Clock
        HTCORE                                    : 1134 MHz
        HC                                        : 1809 MHz
        VPUE                                      : 544 MHz
        VPUD                                      : 534 MHz

GPU#2  X201  0000:c1:00.0
                         Cu Usage
Index  0   1   2   3   4   5   6   7   8   9   10  11  12  
dpu0   0   0   0   0   0   0   0   0   0   0   0   0   0   
dpu1   0   0   0   0   0   0   0   0   0   0   0   0   0   
dpu2   0   0   0   0   0   0   0   0   0   0   0   0   0   
dpu3   0   0   0   0   0   0   0   0   0   0   0   0   0   
dpu4   0   0   0   0   0   0   0   0   0   0   0   0   0   
dpu5   0   0   0   0   0   0   0   0   0   0   0   0   0   
dpu6   0   0   0   0   0   0   0   0   0   0   0   0   0   
dpu7   0   0   0   0   0   0   0   0   0   0   0   0   0   

    Memory
        vis_vram total                            : 67108864 KB
        vis_vram used                             : 887040 KB
        vis_vram usage                            : 1.3 %
        vram total                                : 67108864 KB
        vram used                                 : 887040 KB
        vram usage                                : 1.3 %
        xtt total                                 : 802959600 KB
        xtt used                                  : 312448 KB
        xtt usage                                 : 0 %

    Utilization
        GPU                                       : 0 %
        VPUE                                      : 0 %
        VPUD                                      : 0 %

    Hbm Bandwidth
        throughput                                : 1 MBytes/s

    Clock
        HTCORE                                    : 437 MHz
        HC                                        : 1809 MHz
        VPUE                                      : 544 MHz
        VPUD                                      : 534 MHz

GPU#3  X201  0000:d6:00.0
                         Cu Usage
Index  0   1   2   3   4   5   6   7   8   9   10  11  12  
dpu0   0   0   0   0   0   0   0   0   0   0   0   0   0   
dpu1   0   0   0   0   0   0   0   0   0   0   0   0   0   
dpu2   0   0   0   0   0   0   0   0   0   0   0   0   0   
dpu3   0   0   0   0   0   0   0   0   0   0   0   0   0   
dpu4   0   0   0   0   0   0   0   0   0   0   0   0   0   
dpu5   0   0   0   0   0   0   0   0   0   0   0   0   0   
dpu6   0   0   0   0   0   0   0   0   0   0   0   0   0   
dpu7   0   0   0   0   0   0   0   0   0   0   0   0   0   

    Memory
        vis_vram total                            : 67108864 KB
        vis_vram used                             : 887040 KB
        vis_vram usage                            : 1.3 %
        vram total                                : 67108864 KB
        vram used                                 : 887040 KB
        vram usage                                : 1.3 %
        xtt total                                 : 802959600 KB
        xtt used                                  : 326784 KB
        xtt usage                                 : 0 %

    Utilization
        GPU                                       : 0 %
        VPUE                                      : 0 %
        VPUD                                      : 0 %

    Hbm Bandwidth
        throughput                                : 1 MBytes/s

    Clock
        HTCORE                                    : 437 MHz
        HC                                        : 1809 MHz
        VPUE                                      : 544 MHz
        VPUD                                      : 534 MHz

End of Log
===== SAMPLE_52 22:18:52 =====
ht-smi  version: 2.2.12

=================== Mars System Management Interface Log ===================
Timestamp                                         : Fri Oct  2 22:18:52 2026

Attached GPUs                                     : 4
GPU#0  X201  0000:96:00.0
                         Cu Usage
Index  0   1   2   3   4   5   6   7   8   9   10  11  12  
dpu0   0   0   0   0   0   0   0   0   0   0   0   0   0   
dpu1   0   0   0   0   0   0   0   0   0   0   0   0   0   
dpu2   0   0   0   0   0   0   0   0   0   0   0   0   0   
dpu3   0   0   0   0   0   0   0   0   0   0   0   0   0   
dpu4   0   0   0   0   0   0   0   0   0   0   0   0   0   
dpu5   0   0   0   0   0   0   0   0   0   0   0   0   0   
dpu6   0   0   0   0   0   0   0   0   0   0   0   0   0   
dpu7   0   0   0   0   0   0   0   0   0   0   0   0   0   

    Memory
        vis_vram total                            : 67108864 KB
        vis_vram used                             : 4068928 KB
        vis_vram usage                            : 6 %
        vram total                                : 67108864 KB
        vram used                                 : 4068928 KB
        vram usage                                : 6 %
        xtt total                                 : 802959600 KB
        xtt used                                  : 220736 KB
        xtt usage                                 : 0 %

    Utilization
        GPU                                       : 0 %
        VPUE                                      : 0 %
        VPUD                                      : 0 %

    Hbm Bandwidth
        throughput                                : 250 MBytes/s

    Clock
        HTCORE                                    : 1134 MHz
        HC                                        : 1809 MHz
        VPUE                                      : 544 MHz
        VPUD                                      : 534 MHz

GPU#1  X201  0000:ab:00.0
                         Cu Usage
Index  0   1   2   3   4   5   6   7   8   9   10  11  12  
dpu0   0   0   0   0   0   0   0   0   0   0   0   0   0   
dpu1   0   0   0   0   0   0   0   0   0   0   0   0   0   
dpu2   0   0   0   0   0   0   0   0   0   0   0   0   0   
dpu3   0   0   0   0   0   0   0   0   0   0   0   0   0   
dpu4   0   0   0   0   0   0   0   0   0   0   0   0   0   
dpu5   0   0   0   0   0   0   0   0   0   0   0   0   0   
dpu6   0   0   0   0   0   0   0   0   0   0   0   0   0   
dpu7   0   0   0   0   0   0   0   0   0   0   0   0   0   

    Memory
        vis_vram total                            : 67108864 KB
        vis_vram used                             : 1428160 KB
        vis_vram usage                            : 2.1 %
        vram total                                : 67108864 KB
        vram used                                 : 1428160 KB
        vram usage                                : 2.1 %
        xtt total                                 : 802959600 KB
        xtt used                                  : 220736 KB
        xtt usage                                 : 0 %

    Utilization
        GPU                                       : 0 %
        VPUE                                      : 0 %
        VPUD                                      : 0 %

    Hbm Bandwidth
        throughput                                : 143 MBytes/s

    Clock
        HTCORE                                    : 1134 MHz
        HC                                        : 1809 MHz
        VPUE                                      : 544 MHz
        VPUD                                      : 534 MHz

GPU#2  X201  0000:c1:00.0
                         Cu Usage
Index  0   1   2   3   4   5   6   7   8   9   10  11  12  
dpu0   0   0   0   0   0   0   0   0   0   0   0   0   0   
dpu1   0   0   0   0   0   0   0   0   0   0   0   0   0   
dpu2   0   0   0   0   0   0   0   0   0   0   0   0   0   
dpu3   0   0   0   0   0   0   0   0   0   0   0   0   0   
dpu4   0   0   0   0   0   0   0   0   0   0   0   0   0   
dpu5   0   0   0   0   0   0   0   0   0   0   0   0   0   
dpu6   0   0   0   0   0   0   0   0   0   0   0   0   0   
dpu7   0   0   0   0   0   0   0   0   0   0   0   0   0   

    Memory
        vis_vram total                            : 67108864 KB
        vis_vram used                             : 885184 KB
        vis_vram usage                            : 1.3 %
        vram total                                : 67108864 KB
        vram used                                 : 885184 KB
        vram usage                                : 1.3 %
        xtt total                                 : 802959600 KB
        xtt used                                  : 206400 KB
        xtt usage                                 : 0 %

    Utilization
        GPU                                       : 0 %
        VPUE                                      : 0 %
        VPUD                                      : 0 %

    Hbm Bandwidth
        throughput                                : 1 MBytes/s

    Clock
        HTCORE                                    : 437 MHz
        HC                                        : 1809 MHz
        VPUE                                      : 544 MHz
        VPUD                                      : 534 MHz

GPU#3  X201  0000:d6:00.0
                         Cu Usage
Index  0   1   2   3   4   5   6   7   8   9   10  11  12  
dpu0   0   0   0   0   0   0   0   0   0   0   0   0   0   
dpu1   0   0   0   0   0   0   0   0   0   0   0   0   0   
dpu2   0   0   0   0   0   0   0   0   0   0   0   0   0   
dpu3   0   0   0   0   0   0   0   0   0   0   0   0   0   
dpu4   0   0   0   0   0   0   0   0   0   0   0   0   0   
dpu5   0   0   0   0   0   0   0   0   0   0   0   0   0   
dpu6   0   0   0   0   0   0   0   0   0   0   0   0   0   
dpu7   0   0   0   0   0   0   0   0   0   0   0   0   0   

    Memory
        vis_vram total                            : 67108864 KB
        vis_vram used                             : 885184 KB
        vis_vram usage                            : 1.3 %
        vram total                                : 67108864 KB
        vram used                                 : 885184 KB
        vram usage                                : 1.3 %
        xtt total                                 : 802959600 KB
        xtt used                                  : 206400 KB
        xtt usage                                 : 0 %

    Utilization
        GPU                                       : 0 %
        VPUE                                      : 0 %
        VPUD                                      : 0 %

    Hbm Bandwidth
        throughput                                : 1 MBytes/s

    Clock
        HTCORE                                    : 437 MHz
        HC                                        : 1809 MHz
        VPUE                                      : 544 MHz
        VPUD                                      : 534 MHz

End of Log
===== SAMPLE_53 22:18:55 =====
ht-smi  version: 2.2.12

=================== Mars System Management Interface Log ===================
Timestamp                                         : Fri Oct  2 22:18:55 2026

Attached GPUs                                     : 4
GPU#0  X201  0000:96:00.0
                         Cu Usage
Index  0   1   2   3   4   5   6   7   8   9   10  11  12  
dpu0   0   0   0   0   0   0   0   0   0   0   0   0   0   
dpu1   0   0   0   0   0   0   0   0   0   0   0   0   0   
dpu2   0   0   0   0   0   0   0   0   0   0   0   0   0   
dpu3   0   0   0   0   0   0   0   0   0   0   0   0   0   
dpu4   0   0   0   0   0   0   0   0   0   0   0   0   0   
dpu5   0   0   0   0   0   0   0   0   0   0   0   0   0   
dpu6   0   0   0   0   0   0   0   0   0   0   0   0   0   
dpu7   0   0   0   0   0   0   0   0   0   0   0   0   0   

    Memory
        vis_vram total                            : 67108864 KB
        vis_vram used                             : 4068224 KB
        vis_vram usage                            : 6 %
        vram total                                : 67108864 KB
        vram used                                 : 4068224 KB
        vram usage                                : 6 %
        xtt total                                 : 802959600 KB
        xtt used                                  : 161152 KB
        xtt usage                                 : 0 %

    Utilization
        GPU                                       : 0 %
        VPUE                                      : 0 %
        VPUD                                      : 0 %

    Hbm Bandwidth
        throughput                                : 347 MBytes/s

    Clock
        HTCORE                                    : 1134 MHz
        HC                                        : 1809 MHz
        VPUE                                      : 544 MHz
        VPUD                                      : 534 MHz

GPU#1  X201  0000:ab:00.0
                         Cu Usage
Index  0   1   2   3   4   5   6   7   8   9   10  11  12  
dpu0   0   0   0   0   0   0   0   0   0   0   0   0   0   
dpu1   0   0   0   0   0   0   0   0   0   0   0   0   0   
dpu2   0   0   0   0   0   0   0   0   0   0   0   0   0   
dpu3   0   0   0   0   0   0   0   0   0   0   0   0   0   
dpu4   0   0   0   0   0   0   0   0   0   0   0   0   0   
dpu5   0   0   0   0   0   0   0   0   0   0   0   0   0   
dpu6   0   0   0   0   0   0   0   0   0   0   0   0   0   
dpu7   0   0   0   0   0   0   0   0   0   0   0   0   0   

    Memory
        vis_vram total                            : 67108864 KB
        vis_vram used                             : 885056 KB
        vis_vram usage                            : 1.3 %
        vram total                                : 67108864 KB
        vram used                                 : 885056 KB
        vram usage                                : 1.3 %
        xtt total                                 : 802959600 KB
        xtt used                                  : 204160 KB
        xtt usage                                 : 0 %

    Utilization
        GPU                                       : 0 %
        VPUE                                      : 0 %
        VPUD                                      : 0 %

    Hbm Bandwidth
        throughput                                : 1 MBytes/s

    Clock
        HTCORE                                    : 437 MHz
        HC                                        : 1809 MHz
        VPUE                                      : 544 MHz
        VPUD                                      : 534 MHz

GPU#2  X201  0000:c1:00.0
                         Cu Usage
Index  0   1   2   3   4   5   6   7   8   9   10  11  12  
dpu0   0   0   0   0   0   0   0   0   0   0   0   0   0   
dpu1   0   0   0   0   0   0   0   0   0   0   0   0   0   
dpu2   0   0   0   0   0   0   0   0   0   0   0   0   0   
dpu3   0   0   0   0   0   0   0   0   0   0   0   0   0   
dpu4   0   0   0   0   0   0   0   0   0   0   0   0   0   
dpu5   0   0   0   0   0   0   0   0   0   0   0   0   0   
dpu6   0   0   0   0   0   0   0   0   0   0   0   0   0   
dpu7   0   0   0   0   0   0   0   0   0   0   0   0   0   

    Memory
        vis_vram total                            : 67108864 KB
        vis_vram used                             : 884992 KB
        vis_vram usage                            : 1.3 %
        vram total                                : 67108864 KB
        vram used                                 : 884992 KB
        vram usage                                : 1.3 %
        xtt total                                 : 802959600 KB
        xtt used                                  : 204160 KB
        xtt usage                                 : 0 %

    Utilization
        GPU                                       : 0 %
        VPUE                                      : 0 %
        VPUD                                      : 0 %

    Hbm Bandwidth
        throughput                                : 2 MBytes/s

    Clock
        HTCORE                                    : 437 MHz
        HC                                        : 1809 MHz
        VPUE                                      : 544 MHz
        VPUD                                      : 534 MHz

GPU#3  X201  0000:d6:00.0
                         Cu Usage
Index  0   1   2   3   4   5   6   7   8   9   10  11  12  
dpu0   0   0   0   0   0   0   0   0   0   0   0   0   0   
dpu1   0   0   0   0   0   0   0   0   0   0   0   0   0   
dpu2   0   0   0   0   0   0   0   0   0   0   0   0   0   
dpu3   0   0   0   0   0   0   0   0   0   0   0   0   0   
dpu4   0   0   0   0   0   0   0   0   0   0   0   0   0   
dpu5   0   0   0   0   0   0   0   0   0   0   0   0   0   
dpu6   0   0   0   0   0   0   0   0   0   0   0   0   0   
dpu7   0   0   0   0   0   0   0   0   0   0   0   0   0   

    Memory
        vis_vram total                            : 67108864 KB
        vis_vram used                             : 884992 KB
        vis_vram usage                            : 1.3 %
        vram total                                : 67108864 KB
        vram used                                 : 884992 KB
        vram usage                                : 1.3 %
        xtt total                                 : 802959600 KB
        xtt used                                  : 189824 KB
        xtt usage                                 : 0 %

    Utilization
        GPU                                       : 0 %
        VPUE                                      : 0 %
        VPUD                                      : 0 %

    Hbm Bandwidth
        throughput                                : 1 MBytes/s

    Clock
        HTCORE                                    : 437 MHz
        HC                                        : 1809 MHz
        VPUE                                      : 544 MHz
        VPUD                                      : 534 MHz

End of Log
===== SAMPLE_54 22:18:58 =====
ht-smi  version: 2.2.12

=================== Mars System Management Interface Log ===================
Timestamp                                         : Fri Oct  2 22:18:58 2026

Attached GPUs                                     : 4
GPU#0  X201  0000:96:00.0
                         Cu Usage
Index  0   1   2   3   4   5   6   7   8   9   10  11  12  
dpu0   0   0   0   0   0   0   0   0   0   0   0   0   0   
dpu1   0   0   0   0   0   0   0   0   0   0   0   0   0   
dpu2   0   0   0   0   0   0   0   0   0   0   0   0   0   
dpu3   0   0   0   0   0   0   0   0   0   0   0   0   0   
dpu4   0   0   0   0   0   0   0   0   0   0   0   0   0   
dpu5   0   0   0   0   0   0   0   0   0   0   0   0   0   
dpu6   0   0   0   0   0   0   0   0   0   0   0   0   0   
dpu7   0   0   0   0   0   0   0   0   0   0   0   0   0   

    Memory
        vis_vram total                            : 67108864 KB
        vis_vram used                             : 4593344 KB
        vis_vram usage                            : 6.8 %
        vram total                                : 67108864 KB
        vram used                                 : 4593344 KB
        vram usage                                : 6.8 %
        xtt total                                 : 802959600 KB
        xtt used                                  : 235072 KB
        xtt usage                                 : 0 %

    Utilization
        GPU                                       : 0 %
        VPUE                                      : 0 %
        VPUD                                      : 0 %

    Hbm Bandwidth
        throughput                                : 297 MBytes/s

    Clock
        HTCORE                                    : 1134 MHz
        HC                                        : 1809 MHz
        VPUE                                      : 544 MHz
        VPUD                                      : 534 MHz

GPU#1  X201  0000:ab:00.0
                         Cu Usage
Index  0   1   2   3   4   5   6   7   8   9   10  11  12  
dpu0   0   0   0   0   0   0   0   0   0   0   0   0   0   
dpu1   0   0   0   0   0   0   0   0   0   0   0   0   0   
dpu2   0   0   0   0   0   0   0   0   0   0   0   0   0   
dpu3   0   0   0   0   0   0   0   0   0   0   0   0   0   
dpu4   0   0   0   0   0   0   0   0   0   0   0   0   0   
dpu5   0   0   0   0   0   0   0   0   0   0   0   0   0   
dpu6   0   0   0   0   0   0   0   0   0   0   0   0   0   
dpu7   0   0   0   0   0   0   0   0   0   0   0   0   0   

    Memory
        vis_vram total                            : 67108864 KB
        vis_vram used                             : 1428160 KB
        vis_vram usage                            : 2.1 %
        vram total                                : 67108864 KB
        vram used                                 : 1428160 KB
        vram usage                                : 2.1 %
        xtt total                                 : 802959600 KB
        xtt used                                  : 192064 KB
        xtt usage                                 : 0 %

    Utilization
        GPU                                       : 0 %
        VPUE                                      : 0 %
        VPUD                                      : 0 %

    Hbm Bandwidth
        throughput                                : 123 MBytes/s

    Clock
        HTCORE                                    : 1134 MHz
        HC                                        : 1809 MHz
        VPUE                                      : 544 MHz
        VPUD                                      : 534 MHz

GPU#2  X201  0000:c1:00.0
                         Cu Usage
Index  0   1   2   3   4   5   6   7   8   9   10  11  12  
dpu0   0   0   0   0   0   0   0   0   0   0   0   0   0   
dpu1   0   0   0   0   0   0   0   0   0   0   0   0   0   
dpu2   0   0   0   0   0   0   0   0   0   0   0   0   0   
dpu3   0   0   0   0   0   0   0   0   0   0   0   0   0   
dpu4   0   0   0   0   0   0   0   0   0   0   0   0   0   
dpu5   0   0   0   0   0   0   0   0   0   0   0   0   0   
dpu6   0   0   0   0   0   0   0   0   0   0   0   0   0   
dpu7   0   0   0   0   0   0   0   0   0   0   0   0   0   

    Memory
        vis_vram total                            : 67108864 KB
        vis_vram used                             : 885184 KB
        vis_vram usage                            : 1.3 %
        vram total                                : 67108864 KB
        vram used                                 : 885184 KB
        vram usage                                : 1.3 %
        xtt total                                 : 802959600 KB
        xtt used                                  : 220736 KB
        xtt usage                                 : 0 %

    Utilization
        GPU                                       : 0 %
        VPUE                                      : 0 %
        VPUD                                      : 0 %

    Hbm Bandwidth
        throughput                                : 2 MBytes/s

    Clock
        HTCORE                                    : 437 MHz
        HC                                        : 1809 MHz
        VPUE                                      : 544 MHz
        VPUD                                      : 534 MHz

GPU#3  X201  0000:d6:00.0
                         Cu Usage
Index  0   1   2   3   4   5   6   7   8   9   10  11  12  
dpu0   0   0   0   0   0   0   0   0   0   0   0   0   0   
dpu1   0   0   0   0   0   0   0   0   0   0   0   0   0   
dpu2   0   0   0   0   0   0   0   0   0   0   0   0   0   
dpu3   0   0   0   0   0   0   0   0   0   0   0   0   0   
dpu4   0   0   0   0   0   0   0   0   0   0   0   0   0   
dpu5   0   0   0   0   0   0   0   0   0   0   0   0   0   
dpu6   0   0   0   0   0   0   0   0   0   0   0   0   0   
dpu7   0   0   0   0   0   0   0   0   0   0   0   0   0   

    Memory
        vis_vram total                            : 67108864 KB
        vis_vram used                             : 885184 KB
        vis_vram usage                            : 1.3 %
        vram total                                : 67108864 KB
        vram used                                 : 885184 KB
        vram usage                                : 1.3 %
        xtt total                                 : 802959600 KB
        xtt used                                  : 220736 KB
        xtt usage                                 : 0 %

    Utilization
        GPU                                       : 0 %
        VPUE                                      : 0 %
        VPUD                                      : 0 %

    Hbm Bandwidth
        throughput                                : 1 MBytes/s

    Clock
        HTCORE                                    : 437 MHz
        HC                                        : 1809 MHz
        VPUE                                      : 544 MHz
        VPUD                                      : 534 MHz

End of Log
===== SAMPLE_55 22:19:01 =====
ht-smi  version: 2.2.12

=================== Mars System Management Interface Log ===================
Timestamp                                         : Fri Oct  2 22:19:02 2026

Attached GPUs                                     : 4
GPU#0  X201  0000:96:00.0
                         Cu Usage
Index  0   1   2   3   4   5   6   7   8   9   10  11  12  
dpu0   0   0   0   0   0   0   0   0   0   0   0   0   0   
dpu1   0   0   0   0   0   0   0   0   0   0   0   0   0   
dpu2   0   0   0   0   0   0   0   0   0   0   0   0   0   
dpu3   0   0   0   0   0   0   0   0   0   0   0   0   0   
dpu4   0   0   0   0   0   0   0   0   0   0   0   0   0   
dpu5   0   0   0   0   0   0   0   0   0   0   0   0   0   
dpu6   0   0   0   0   0   0   0   0   0   0   0   0   0   
dpu7   0   0   0   0   0   0   0   0   0   0   0   0   0   

    Memory
        vis_vram total                            : 67108864 KB
        vis_vram used                             : 4593408 KB
        vis_vram usage                            : 6.8 %
        vram total                                : 67108864 KB
        vram used                                 : 4593408 KB
        vram usage                                : 6.8 %
        xtt total                                 : 802959600 KB
        xtt used                                  : 206400 KB
        xtt usage                                 : 0 %

    Utilization
        GPU                                       : 0 %
        VPUE                                      : 0 %
        VPUD                                      : 0 %

    Hbm Bandwidth
        throughput                                : 333 MBytes/s

    Clock
        HTCORE                                    : 1134 MHz
        HC                                        : 1809 MHz
        VPUE                                      : 544 MHz
        VPUD                                      : 534 MHz

GPU#1  X201  0000:ab:00.0
                         Cu Usage
Index  0   1   2   3   4   5   6   7   8   9   10  11  12  
dpu0   0   0   0   0   0   0   0   0   0   0   0   0   0   
dpu1   0   0   0   0   0   0   0   0   0   0   0   0   0   
dpu2   0   0   0   0   0   0   0   0   0   0   0   0   0   
dpu3   0   0   0   0   0   0   0   0   0   0   0   0   0   
dpu4   0   0   0   0   0   0   0   0   0   0   0   0   0   
dpu5   0   0   0   0   0   0   0   0   0   0   0   0   0   
dpu6   0   0   0   0   0   0   0   0   0   0   0   0   0   
dpu7   0   0   0   0   0   0   0   0   0   0   0   0   0   

    Memory
        vis_vram total                            : 67108864 KB
        vis_vram used                             : 1428032 KB
        vis_vram usage                            : 2.1 %
        vram total                                : 67108864 KB
        vram used                                 : 1428032 KB
        vram usage                                : 2.1 %
        xtt total                                 : 802959600 KB
        xtt used                                  : 235072 KB
        xtt usage                                 : 0 %

    Utilization
        GPU                                       : 0 %
        VPUE                                      : 0 %
        VPUD                                      : 0 %

    Hbm Bandwidth
        throughput                                : 151 MBytes/s

    Clock
        HTCORE                                    : 1134 MHz
        HC                                        : 1809 MHz
        VPUE                                      : 544 MHz
        VPUD                                      : 534 MHz

GPU#2  X201  0000:c1:00.0
                         Cu Usage
Index  0   1   2   3   4   5   6   7   8   9   10  11  12  
dpu0   0   0   0   0   0   0   0   0   0   0   0   0   0   
dpu1   0   0   0   0   0   0   0   0   0   0   0   0   0   
dpu2   0   0   0   0   0   0   0   0   0   0   0   0   0   
dpu3   0   0   0   0   0   0   0   0   0   0   0   0   0   
dpu4   0   0   0   0   0   0   0   0   0   0   0   0   0   
dpu5   0   0   0   0   0   0   0   0   0   0   0   0   0   
dpu6   0   0   0   0   0   0   0   0   0   0   0   0   0   
dpu7   0   0   0   0   0   0   0   0   0   0   0   0   0   

    Memory
        vis_vram total                            : 67108864 KB
        vis_vram used                             : 885184 KB
        vis_vram usage                            : 1.3 %
        vram total                                : 67108864 KB
        vram used                                 : 885184 KB
        vram usage                                : 1.3 %
        xtt total                                 : 802959600 KB
        xtt used                                  : 206400 KB
        xtt usage                                 : 0 %

    Utilization
        GPU                                       : 0 %
        VPUE                                      : 0 %
        VPUD                                      : 0 %

    Hbm Bandwidth
        throughput                                : 1 MBytes/s

    Clock
        HTCORE                                    : 437 MHz
        HC                                        : 1809 MHz
        VPUE                                      : 544 MHz
        VPUD                                      : 534 MHz

GPU#3  X201  0000:d6:00.0
                         Cu Usage
Index  0   1   2   3   4   5   6   7   8   9   10  11  12  
dpu0   0   0   0   0   0   0   0   0   0   0   0   0   0   
dpu1   0   0   0   0   0   0   0   0   0   0   0   0   0   
dpu2   0   0   0   0   0   0   0   0   0   0   0   0   0   
dpu3   0   0   0   0   0   0   0   0   0   0   0   0   0   
dpu4   0   0   0   0   0   0   0   0   0   0   0   0   0   
dpu5   0   0   0   0   0   0   0   0   0   0   0   0   0   
dpu6   0   0   0   0   0   0   0   0   0   0   0   0   0   
dpu7   0   0   0   0   0   0   0   0   0   0   0   0   0   

    Memory
        vis_vram total                            : 67108864 KB
        vis_vram used                             : 885184 KB
        vis_vram usage                            : 1.3 %
        vram total                                : 67108864 KB
        vram used                                 : 885184 KB
        vram usage                                : 1.3 %
        xtt total                                 : 802959600 KB
        xtt used                                  : 220736 KB
        xtt usage                                 : 0 %

    Utilization
        GPU                                       : 0 %
        VPUE                                      : 0 %
        VPUD                                      : 0 %

    Hbm Bandwidth
        throughput                                : 1 MBytes/s

    Clock
        HTCORE                                    : 437 MHz
        HC                                        : 1809 MHz
        VPUE                                      : 544 MHz
        VPUD                                      : 534 MHz

End of Log
===== SAMPLE_56 22:19:05 =====
ht-smi  version: 2.2.12

=================== Mars System Management Interface Log ===================
Timestamp                                         : Fri Oct  2 22:19:05 2026

Attached GPUs                                     : 4
GPU#0  X201  0000:96:00.0
                         Cu Usage
Index  0   1   2   3   4   5   6   7   8   9   10  11  12  
dpu0   0   0   0   0   0   0   0   0   0   0   0   0   0   
dpu1   0   0   0   0   0   0   0   0   0   0   0   0   0   
dpu2   0   0   0   0   0   0   0   0   0   0   0   0   0   
dpu3   0   0   0   0   0   0   0   0   0   0   0   0   0   
dpu4   0   0   0   0   0   0   0   0   0   0   0   0   0   
dpu5   0   0   0   0   0   0   0   0   0   0   0   0   0   
dpu6   0   0   0   0   0   0   0   0   0   0   0   0   0   
dpu7   0   0   0   0   0   0   0   0   0   0   0   0   0   

    Memory
        vis_vram total                            : 67108864 KB
        vis_vram used                             : 5118720 KB
        vis_vram usage                            : 7.6 %
        vram total                                : 67108864 KB
        vram used                                 : 5118720 KB
        vram usage                                : 7.6 %
        xtt total                                 : 802959600 KB
        xtt used                                  : 252160 KB
        xtt usage                                 : 0 %

    Utilization
        GPU                                       : 0 %
        VPUE                                      : 0 %
        VPUD                                      : 0 %

    Hbm Bandwidth
        throughput                                : 335 MBytes/s

    Clock
        HTCORE                                    : 1134 MHz
        HC                                        : 1809 MHz
        VPUE                                      : 544 MHz
        VPUD                                      : 534 MHz

GPU#1  X201  0000:ab:00.0
                         Cu Usage
Index  0   1   2   3   4   5   6   7   8   9   10  11  12  
dpu0   0   0   0   0   0   0   0   0   0   0   0   0   0   
dpu1   0   0   0   0   0   0   0   0   0   0   0   0   0   
dpu2   0   0   0   0   0   0   0   0   0   0   0   0   0   
dpu3   0   0   0   0   0   0   0   0   0   0   0   0   0   
dpu4   0   0   0   0   0   0   0   0   0   0   0   0   0   
dpu5   0   0   0   0   0   0   0   0   0   0   0   0   0   
dpu6   0   0   0   0   0   0   0   0   0   0   0   0   0   
dpu7   0   0   0   0   0   0   0   0   0   0   0   0   0   

    Memory
        vis_vram total                            : 67108864 KB
        vis_vram used                             : 1428992 KB
        vis_vram usage                            : 2.1 %
        vram total                                : 67108864 KB
        vram used                                 : 1428992 KB
        vram usage                                : 2.1 %
        xtt total                                 : 802959600 KB
        xtt used                                  : 252160 KB
        xtt usage                                 : 0 %

    Utilization
        GPU                                       : 0 %
        VPUE                                      : 0 %
        VPUD                                      : 0 %

    Hbm Bandwidth
        throughput                                : 129 MBytes/s

    Clock
        HTCORE                                    : 1134 MHz
        HC                                        : 1809 MHz
        VPUE                                      : 544 MHz
        VPUD                                      : 534 MHz

GPU#2  X201  0000:c1:00.0
                         Cu Usage
Index  0   1   2   3   4   5   6   7   8   9   10  11  12  
dpu0   29  29  29  29  29  28  29  29  29  29  28  29  29  
dpu1   29  29  29  28  29  29  29  29  29  29  29  29  29  
dpu2   28  29  29  28  29  29  29  29  29  29  29  29  29  
dpu3   29  29  29  28  29  29  29  29  29  29  29  29  29  
dpu4   28  29  29  29  29  29  29  29  28  29  29  29  29  
dpu5   29  29  29  29  29  28  29  29  29  29  29  29  29  
dpu6   29  29  29  29  29  28  29  29  29  29  29  29  29  
dpu7   29  28  29  29  28  29  29  29  29  29  29  28  29  

    Memory
        vis_vram total                            : 67108864 KB
        vis_vram used                             : 886016 KB
        vis_vram usage                            : 1.3 %
        vram total                                : 67108864 KB
        vram used                                 : 886016 KB
        vram usage                                : 1.3 %
        xtt total                                 : 802959600 KB
        xtt used                                  : 252160 KB
        xtt usage                                 : 0 %

    Utilization
        GPU                                       : 29 %
        VPUE                                      : 0 %
        VPUD                                      : 0 %

    Hbm Bandwidth
        throughput                                : 1 MBytes/s

    Clock
        HTCORE                                    : 969 MHz
        HC                                        : 1809 MHz
        VPUE                                      : 544 MHz
        VPUD                                      : 534 MHz

GPU#3  X201  0000:d6:00.0
                         Cu Usage
Index  0   1   2   3   4   5   6   7   8   9   10  11  12  
dpu0   0   0   0   0   0   0   0   0   0   0   0   0   0   
dpu1   0   0   0   0   0   0   0   0   0   0   0   0   0   
dpu2   0   0   0   0   0   0   0   0   0   0   0   0   0   
dpu3   0   0   0   0   0   0   0   0   0   0   0   0   0   
dpu4   0   0   0   0   0   0   0   0   0   0   0   0   0   
dpu5   0   0   0   0   0   0   0   0   0   0   0   0   0   
dpu6   0   0   0   0   0   0   0   0   0   0   0   0   0   
dpu7   0   0   0   0   0   0   0   0   0   0   0   0   0   

    Memory
        vis_vram total                            : 67108864 KB
        vis_vram used                             : 886016 KB
        vis_vram usage                            : 1.3 %
        vram total                                : 67108864 KB
        vram used                                 : 886016 KB
        vram usage                                : 1.3 %
        xtt total                                 : 802959600 KB
        xtt used                                  : 237824 KB
        xtt usage                                 : 0 %

    Utilization
        GPU                                       : 0 %
        VPUE                                      : 0 %
        VPUD                                      : 0 %

    Hbm Bandwidth
        throughput                                : 1 MBytes/s

    Clock
        HTCORE                                    : 437 MHz
        HC                                        : 1809 MHz
        VPUE                                      : 544 MHz
        VPUD                                      : 534 MHz

End of Log
===== SAMPLE_57 22:19:08 =====
ht-smi  version: 2.2.12

=================== Mars System Management Interface Log ===================
Timestamp                                         : Fri Oct  2 22:19:08 2026

Attached GPUs                                     : 4
GPU#0  X201  0000:96:00.0
                         Cu Usage
Index  0   1   2   3   4   5   6   7   8   9   10  11  12  
dpu0   0   0   0   0   0   0   0   0   0   0   0   0   0   
dpu1   0   0   0   0   0   0   0   0   0   0   0   0   0   
dpu2   0   0   0   0   0   0   0   0   0   0   0   0   0   
dpu3   0   0   0   0   0   0   0   0   0   0   0   0   0   
dpu4   0   0   0   0   0   0   0   0   0   0   0   0   0   
dpu5   0   0   0   0   0   0   0   0   0   0   0   0   0   
dpu6   0   0   0   0   0   0   0   0   0   0   0   0   0   
dpu7   0   0   0   0   0   0   0   0   0   0   0   0   0   

    Memory
        vis_vram total                            : 67108864 KB
        vis_vram used                             : 5118272 KB
        vis_vram usage                            : 7.6 %
        vram total                                : 67108864 KB
        vram used                                 : 5118272 KB
        vram usage                                : 7.6 %
        xtt total                                 : 802959600 KB
        xtt used                                  : 206400 KB
        xtt usage                                 : 0 %

    Utilization
        GPU                                       : 0 %
        VPUE                                      : 0 %
        VPUD                                      : 0 %

    Hbm Bandwidth
        throughput                                : 329 MBytes/s

    Clock
        HTCORE                                    : 1134 MHz
        HC                                        : 1809 MHz
        VPUE                                      : 544 MHz
        VPUD                                      : 534 MHz

GPU#1  X201  0000:ab:00.0
                         Cu Usage
Index  0   1   2   3   4   5   6   7   8   9   10  11  12  
dpu0   0   0   0   0   0   0   0   0   0   0   0   0   0   
dpu1   0   0   0   0   0   0   0   0   0   0   0   0   0   
dpu2   0   0   0   0   0   0   0   0   0   0   0   0   0   
dpu3   0   0   0   0   0   0   0   0   0   0   0   0   0   
dpu4   0   0   0   0   0   0   0   0   0   0   0   0   0   
dpu5   0   0   0   0   0   0   0   0   0   0   0   0   0   
dpu6   0   0   0   0   0   0   0   0   0   0   0   0   0   
dpu7   0   0   0   0   0   0   0   0   0   0   0   0   0   

    Memory
        vis_vram total                            : 67108864 KB
        vis_vram used                             : 886912 KB
        vis_vram usage                            : 1.3 %
        vram total                                : 67108864 KB
        vram used                                 : 886912 KB
        vram usage                                : 1.3 %
        xtt total                                 : 802959600 KB
        xtt used                                  : 146240 KB
        xtt usage                                 : 0 %

    Utilization
        GPU                                       : 0 %
        VPUE                                      : 0 %
        VPUD                                      : 0 %

    Hbm Bandwidth
        throughput                                : 1 MBytes/s

    Clock
        HTCORE                                    : 1134 MHz
        HC                                        : 1809 MHz
        VPUE                                      : 544 MHz
        VPUD                                      : 534 MHz

GPU#2  X201  0000:c1:00.0
                         Cu Usage
Index  0   1   2   3   4   5   6   7   8   9   10  11  12  
dpu0   0   0   0   0   0   0   0   0   0   0   0   0   0   
dpu1   0   0   0   0   0   0   0   0   0   0   0   0   0   
dpu2   0   0   0   0   0   0   0   0   0   0   0   0   0   
dpu3   0   0   0   0   0   0   0   0   0   0   0   0   0   
dpu4   0   0   0   0   0   0   0   0   0   0   0   0   0   
dpu5   0   0   0   0   0   0   0   0   0   0   0   0   0   
dpu6   0   0   0   0   0   0   0   0   0   0   0   0   0   
dpu7   0   0   0   0   0   0   0   0   0   0   0   0   0   

    Memory
        vis_vram total                            : 67108864 KB
        vis_vram used                             : 884928 KB
        vis_vram usage                            : 1.3 %
        vram total                                : 67108864 KB
        vram used                                 : 884928 KB
        vram usage                                : 1.3 %
        xtt total                                 : 802959600 KB
        xtt used                                  : 189248 KB
        xtt usage                                 : 0 %

    Utilization
        GPU                                       : 0 %
        VPUE                                      : 0 %
        VPUD                                      : 0 %

    Hbm Bandwidth
        throughput                                : 2 MBytes/s

    Clock
        HTCORE                                    : 437 MHz
        HC                                        : 1809 MHz
        VPUE                                      : 544 MHz
        VPUD                                      : 534 MHz

GPU#3  X201  0000:d6:00.0
                         Cu Usage
Index  0   1   2   3   4   5   6   7   8   9   10  11  12  
dpu0   0   0   0   0   0   0   0   0   0   0   0   0   0   
dpu1   0   0   0   0   0   0   0   0   0   0   0   0   0   
dpu2   0   0   0   0   0   0   0   0   0   0   0   0   0   
dpu3   0   0   0   0   0   0   0   0   0   0   0   0   0   
dpu4   0   0   0   0   0   0   0   0   0   0   0   0   0   
dpu5   0   0   0   0   0   0   0   0   0   0   0   0   0   
dpu6   0   0   0   0   0   0   0   0   0   0   0   0   0   
dpu7   0   0   0   0   0   0   0   0   0   0   0   0   0   

    Memory
        vis_vram total                            : 67108864 KB
        vis_vram used                             : 884864 KB
        vis_vram usage                            : 1.3 %
        vram total                                : 67108864 KB
        vram used                                 : 884864 KB
        vram usage                                : 1.3 %
        xtt total                                 : 802959600 KB
        xtt used                                  : 174912 KB
        xtt usage                                 : 0 %

    Utilization
        GPU                                       : 0 %
        VPUE                                      : 0 %
        VPUD                                      : 0 %

    Hbm Bandwidth
        throughput                                : 1 MBytes/s

    Clock
        HTCORE                                    : 437 MHz
        HC                                        : 1809 MHz
        VPUE                                      : 544 MHz
        VPUD                                      : 534 MHz

End of Log
===== SAMPLE_58 22:19:11 =====
ht-smi  version: 2.2.12

=================== Mars System Management Interface Log ===================
Timestamp                                         : Fri Oct  2 22:19:11 2026

Attached GPUs                                     : 4
GPU#0  X201  0000:96:00.0
                         Cu Usage
Index  0   1   2   3   4   5   6   7   8   9   10  11  12  
dpu0   0   0   0   0   0   0   0   0   0   0   0   0   0   
dpu1   0   0   0   0   0   0   0   0   0   0   0   0   0   
dpu2   0   0   0   0   0   0   0   0   0   0   0   0   0   
dpu3   0   0   0   0   0   0   0   0   0   0   0   0   0   
dpu4   0   0   0   0   0   0   0   0   0   0   0   0   0   
dpu5   0   0   0   0   0   0   0   0   0   0   0   0   0   
dpu6   0   0   0   0   0   0   0   0   0   0   0   0   0   
dpu7   0   0   0   0   0   0   0   0   0   0   0   0   0   

    Memory
        vis_vram total                            : 67108864 KB
        vis_vram used                             : 5643904 KB
        vis_vram usage                            : 8.4 %
        vram total                                : 67108864 KB
        vram used                                 : 5643904 KB
        vram usage                                : 8.4 %
        xtt total                                 : 802959600 KB
        xtt used                                  : 235072 KB
        xtt usage                                 : 0 %

    Utilization
        GPU                                       : 0 %
        VPUE                                      : 0 %
        VPUD                                      : 0 %

    Hbm Bandwidth
        throughput                                : 320 MBytes/s

    Clock
        HTCORE                                    : 1134 MHz
        HC                                        : 1809 MHz
        VPUE                                      : 544 MHz
        VPUD                                      : 534 MHz

GPU#1  X201  0000:ab:00.0
                         Cu Usage
Index  0   1   2   3   4   5   6   7   8   9   10  11  12  
dpu0   0   0   0   0   0   0   0   0   0   0   0   0   0   
dpu1   0   0   0   0   0   0   0   0   0   0   0   0   0   
dpu2   0   0   0   0   0   0   0   0   0   0   0   0   0   
dpu3   0   0   0   0   0   0   0   0   0   0   0   0   0   
dpu4   0   0   0   0   0   0   0   0   0   0   0   0   0   
dpu5   0   0   0   0   0   0   0   0   0   0   0   0   0   
dpu6   0   0   0   0   0   0   0   0   0   0   0   0   0   
dpu7   0   0   0   0   0   0   0   0   0   0   0   0   0   

    Memory
        vis_vram total                            : 67108864 KB
        vis_vram used                             : 1428032 KB
        vis_vram usage                            : 2.1 %
        vram total                                : 67108864 KB
        vram used                                 : 1428032 KB
        vram usage                                : 2.1 %
        xtt total                                 : 802959600 KB
        xtt used                                  : 220736 KB
        xtt usage                                 : 0 %

    Utilization
        GPU                                       : 0 %
        VPUE                                      : 0 %
        VPUD                                      : 0 %

    Hbm Bandwidth
        throughput                                : 156 MBytes/s

    Clock
        HTCORE                                    : 1134 MHz
        HC                                        : 1809 MHz
        VPUE                                      : 544 MHz
        VPUD                                      : 534 MHz

GPU#2  X201  0000:c1:00.0
                         Cu Usage
Index  0   1   2   3   4   5   6   7   8   9   10  11  12  
dpu0   0   0   0   0   0   0   0   0   0   0   0   0   0   
dpu1   0   0   0   0   0   0   0   0   0   0   0   0   0   
dpu2   0   0   0   0   0   0   0   0   0   0   0   0   0   
dpu3   0   0   0   0   0   0   0   0   0   0   0   0   0   
dpu4   0   0   0   0   0   0   0   0   0   0   0   0   0   
dpu5   0   0   0   0   0   0   0   0   0   0   0   0   0   
dpu6   0   0   0   0   0   0   0   0   0   0   0   0   0   
dpu7   0   0   0   0   0   0   0   0   0   0   0   0   0   

    Memory
        vis_vram total                            : 67108864 KB
        vis_vram used                             : 885184 KB
        vis_vram usage                            : 1.3 %
        vram total                                : 67108864 KB
        vram used                                 : 885184 KB
        vram usage                                : 1.3 %
        xtt total                                 : 802959600 KB
        xtt used                                  : 220736 KB
        xtt usage                                 : 0 %

    Utilization
        GPU                                       : 0 %
        VPUE                                      : 0 %
        VPUD                                      : 0 %

    Hbm Bandwidth
        throughput                                : 2 MBytes/s

    Clock
        HTCORE                                    : 437 MHz
        HC                                        : 1809 MHz
        VPUE                                      : 544 MHz
        VPUD                                      : 534 MHz

GPU#3  X201  0000:d6:00.0
                         Cu Usage
Index  0   1   2   3   4   5   6   7   8   9   10  11  12  
dpu0   0   0   0   0   0   0   0   0   0   0   0   0   0   
dpu1   0   0   0   0   0   0   0   0   0   0   0   0   0   
dpu2   0   0   0   0   0   0   0   0   0   0   0   0   0   
dpu3   0   0   0   0   0   0   0   0   0   0   0   0   0   
dpu4   0   0   0   0   0   0   0   0   0   0   0   0   0   
dpu5   0   0   0   0   0   0   0   0   0   0   0   0   0   
dpu6   0   0   0   0   0   0   0   0   0   0   0   0   0   
dpu7   0   0   0   0   0   0   0   0   0   0   0   0   0   

    Memory
        vis_vram total                            : 67108864 KB
        vis_vram used                             : 885184 KB
        vis_vram usage                            : 1.3 %
        vram total                                : 67108864 KB
        vram used                                 : 885184 KB
        vram usage                                : 1.3 %
        xtt total                                 : 802959600 KB
        xtt used                                  : 235072 KB
        xtt usage                                 : 0 %

    Utilization
        GPU                                       : 0 %
        VPUE                                      : 0 %
        VPUD                                      : 0 %

    Hbm Bandwidth
        throughput                                : 1 MBytes/s

    Clock
        HTCORE                                    : 437 MHz
        HC                                        : 1809 MHz
        VPUE                                      : 544 MHz
        VPUD                                      : 534 MHz

End of Log
===== SAMPLE_59 22:19:14 =====
ht-smi  version: 2.2.12

=================== Mars System Management Interface Log ===================
Timestamp                                         : Fri Oct  2 22:19:14 2026

Attached GPUs                                     : 4
GPU#0  X201  0000:96:00.0
                         Cu Usage
Index  0   1   2   3   4   5   6   7   8   9   10  11  12  
dpu0   0   0   0   0   0   0   0   0   0   0   0   0   0   
dpu1   0   0   0   0   0   0   0   0   0   0   0   0   0   
dpu2   0   0   0   0   0   0   0   0   0   0   0   0   0   
dpu3   0   0   0   0   0   0   0   0   0   0   0   0   0   
dpu4   0   0   0   0   0   0   0   0   0   0   0   0   0   
dpu5   0   0   0   0   0   0   0   0   0   0   0   0   0   
dpu6   0   0   0   0   0   0   0   0   0   0   0   0   0   
dpu7   0   0   0   0   0   0   0   0   0   0   0   0   0   

    Memory
        vis_vram total                            : 67108864 KB
        vis_vram used                             : 6169856 KB
        vis_vram usage                            : 9.1 %
        vram total                                : 67108864 KB
        vram used                                 : 6169856 KB
        vram usage                                : 9.1 %
        xtt total                                 : 802959600 KB
        xtt used                                  : 206400 KB
        xtt usage                                 : 0 %

    Utilization
        GPU                                       : 0 %
        VPUE                                      : 0 %
        VPUD                                      : 0 %

    Hbm Bandwidth
        throughput                                : 328 MBytes/s

    Clock
        HTCORE                                    : 1134 MHz
        HC                                        : 1809 MHz
        VPUE                                      : 544 MHz
        VPUD                                      : 534 MHz

GPU#1  X201  0000:ab:00.0
                         Cu Usage
Index  0   1   2   3   4   5   6   7   8   9   10  11  12  
dpu0   0   0   0   0   0   0   0   0   0   0   0   0   0   
dpu1   0   0   0   0   0   0   0   0   0   0   0   0   0   
dpu2   0   0   0   0   0   0   0   0   0   0   0   0   0   
dpu3   0   0   0   0   0   0   0   0   0   0   0   0   0   
dpu4   0   0   0   0   0   0   0   0   0   0   0   0   0   
dpu5   0   0   0   0   0   0   0   0   0   0   0   0   0   
dpu6   0   0   0   0   0   0   0   0   0   0   0   0   0   
dpu7   0   0   0   0   0   0   0   0   0   0   0   0   0   

    Memory
        vis_vram total                            : 67108864 KB
        vis_vram used                             : 1428224 KB
        vis_vram usage                            : 2.1 %
        vram total                                : 67108864 KB
        vram used                                 : 1428224 KB
        vram usage                                : 2.1 %
        xtt total                                 : 802959600 KB
        xtt used                                  : 206400 KB
        xtt usage                                 : 0 %

    Utilization
        GPU                                       : 0 %
        VPUE                                      : 0 %
        VPUD                                      : 0 %

    Hbm Bandwidth
        throughput                                : 198 MBytes/s

    Clock
        HTCORE                                    : 1134 MHz
        HC                                        : 1809 MHz
        VPUE                                      : 544 MHz
        VPUD                                      : 534 MHz

GPU#2  X201  0000:c1:00.0
                         Cu Usage
Index  0   1   2   3   4   5   6   7   8   9   10  11  12  
dpu0   0   0   0   0   0   0   0   0   0   0   0   0   0   
dpu1   0   0   0   0   0   0   0   0   0   0   0   0   0   
dpu2   0   0   0   0   0   0   0   0   0   0   0   0   0   
dpu3   0   0   0   0   0   0   0   0   0   0   0   0   0   
dpu4   0   0   0   0   0   0   0   0   0   0   0   0   0   
dpu5   0   0   0   0   0   0   0   0   0   0   0   0   0   
dpu6   0   0   0   0   0   0   0   0   0   0   0   0   0   
dpu7   0   0   0   0   0   0   0   0   0   0   0   0   0   

    Memory
        vis_vram total                            : 67108864 KB
        vis_vram used                             : 885248 KB
        vis_vram usage                            : 1.3 %
        vram total                                : 67108864 KB
        vram used                                 : 885248 KB
        vram usage                                : 1.3 %
        xtt total                                 : 802959600 KB
        xtt used                                  : 206400 KB
        xtt usage                                 : 0 %

    Utilization
        GPU                                       : 0 %
        VPUE                                      : 0 %
        VPUD                                      : 0 %

    Hbm Bandwidth
        throughput                                : 2 MBytes/s

    Clock
        HTCORE                                    : 437 MHz
        HC                                        : 1809 MHz
        VPUE                                      : 544 MHz
        VPUD                                      : 534 MHz

GPU#3  X201  0000:d6:00.0
                         Cu Usage
Index  0   1   2   3   4   5   6   7   8   9   10  11  12  
dpu0   0   0   0   0   0   0   0   0   0   0   0   0   0   
dpu1   0   0   0   0   0   0   0   0   0   0   0   0   0   
dpu2   0   0   0   0   0   0   0   0   0   0   0   0   0   
dpu3   0   0   0   0   0   0   0   0   0   0   0   0   0   
dpu4   0   0   0   0   0   0   0   0   0   0   0   0   0   
dpu5   0   0   0   0   0   0   0   0   0   0   0   0   0   
dpu6   0   0   0   0   0   0   0   0   0   0   0   0   0   
dpu7   0   0   0   0   0   0   0   0   0   0   0   0   0   

    Memory
        vis_vram total                            : 67108864 KB
        vis_vram used                             : 885184 KB
        vis_vram usage                            : 1.3 %
        vram total                                : 67108864 KB
        vram used                                 : 885184 KB
        vram usage                                : 1.3 %
        xtt total                                 : 802959600 KB
        xtt used                                  : 206400 KB
        xtt usage                                 : 0 %

    Utilization
        GPU                                       : 0 %
        VPUE                                      : 0 %
        VPUD                                      : 0 %

    Hbm Bandwidth
        throughput                                : 1 MBytes/s

    Clock
        HTCORE                                    : 437 MHz
        HC                                        : 1809 MHz
        VPUE                                      : 544 MHz
        VPUD                                      : 534 MHz

End of Log
===== SAMPLE_60 22:19:17 =====
ht-smi  version: 2.2.12

=================== Mars System Management Interface Log ===================
Timestamp                                         : Fri Oct  2 22:19:17 2026

Attached GPUs                                     : 4
GPU#0  X201  0000:96:00.0
                         Cu Usage
Index  0   1   2   3   4   5   6   7   8   9   10  11  12  
dpu0   0   0   0   0   0   0   0   0   0   0   0   0   0   
dpu1   0   0   0   0   0   0   0   0   0   0   0   0   0   
dpu2   0   0   0   0   0   0   0   0   0   0   0   0   0   
dpu3   0   0   0   0   0   0   0   0   0   0   0   0   0   
dpu4   0   0   0   0   0   0   0   0   0   0   0   0   0   
dpu5   0   0   0   0   0   0   0   0   0   0   0   0   0   
dpu6   0   0   0   0   0   0   0   0   0   0   0   0   0   
dpu7   0   0   0   0   0   0   0   0   0   0   0   0   0   

    Memory
        vis_vram total                            : 67108864 KB
        vis_vram used                             : 6169600 KB
        vis_vram usage                            : 9.1 %
        vram total                                : 67108864 KB
        vram used                                 : 6169600 KB
        vram usage                                : 9.1 %
        xtt total                                 : 802959600 KB
        xtt used                                  : 206400 KB
        xtt usage                                 : 0 %

    Utilization
        GPU                                       : 0 %
        VPUE                                      : 0 %
        VPUD                                      : 0 %

    Hbm Bandwidth
        throughput                                : 309 MBytes/s

    Clock
        HTCORE                                    : 1134 MHz
        HC                                        : 1809 MHz
        VPUE                                      : 544 MHz
        VPUD                                      : 534 MHz

GPU#1  X201  0000:ab:00.0
                         Cu Usage
Index  0   1   2   3   4   5   6   7   8   9   10  11  12  
dpu0   0   0   0   0   0   0   0   0   0   0   0   0   0   
dpu1   0   0   0   0   0   0   0   0   0   0   0   0   0   
dpu2   0   0   0   0   0   0   0   0   0   0   0   0   0   
dpu3   0   0   0   0   0   0   0   0   0   0   0   0   0   
dpu4   0   0   0   0   0   0   0   0   0   0   0   0   0   
dpu5   0   0   0   0   0   0   0   0   0   0   0   0   0   
dpu6   0   0   0   0   0   0   0   0   0   0   0   0   0   
dpu7   0   0   0   0   0   0   0   0   0   0   0   0   0   

    Memory
        vis_vram total                            : 67108864 KB
        vis_vram used                             : 1428032 KB
        vis_vram usage                            : 2.1 %
        vram total                                : 67108864 KB
        vram used                                 : 1428032 KB
        vram usage                                : 2.1 %
        xtt total                                 : 802959600 KB
        xtt used                                  : 206400 KB
        xtt usage                                 : 0 %

    Utilization
        GPU                                       : 0 %
        VPUE                                      : 0 %
        VPUD                                      : 0 %

    Hbm Bandwidth
        throughput                                : 197 MBytes/s

    Clock
        HTCORE                                    : 1134 MHz
        HC                                        : 1809 MHz
        VPUE                                      : 544 MHz
        VPUD                                      : 534 MHz

GPU#2  X201  0000:c1:00.0
                         Cu Usage
Index  0   1   2   3   4   5   6   7   8   9   10  11  12  
dpu0   0   0   0   0   0   0   0   0   0   0   0   0   0   
dpu1   0   0   0   0   0   0   0   0   0   0   0   0   0   
dpu2   0   0   0   0   0   0   0   0   0   0   0   0   0   
dpu3   0   0   0   0   0   0   0   0   0   0   0   0   0   
dpu4   0   0   0   0   0   0   0   0   0   0   0   0   0   
dpu5   0   0   0   0   0   0   0   0   0   0   0   0   0   
dpu6   0   0   0   0   0   0   0   0   0   0   0   0   0   
dpu7   0   0   0   0   0   0   0   0   0   0   0   0   0   

    Memory
        vis_vram total                            : 67108864 KB
        vis_vram used                             : 885184 KB
        vis_vram usage                            : 1.3 %
        vram total                                : 67108864 KB
        vram used                                 : 885184 KB
        vram usage                                : 1.3 %
        xtt total                                 : 802959600 KB
        xtt used                                  : 206400 KB
        xtt usage                                 : 0 %

    Utilization
        GPU                                       : 0 %
        VPUE                                      : 0 %
        VPUD                                      : 0 %

    Hbm Bandwidth
        throughput                                : 2 MBytes/s

    Clock
        HTCORE                                    : 437 MHz
        HC                                        : 1809 MHz
        VPUE                                      : 544 MHz
        VPUD                                      : 534 MHz

GPU#3  X201  0000:d6:00.0
                         Cu Usage
Index  0   1   2   3   4   5   6   7   8   9   10  11  12  
dpu0   0   0   0   0   0   0   0   0   0   0   0   0   0   
dpu1   0   0   0   0   0   0   0   0   0   0   0   0   0   
dpu2   0   0   0   0   0   0   0   0   0   0   0   0   0   
dpu3   0   0   0   0   0   0   0   0   0   0   0   0   0   
dpu4   0   0   0   0   0   0   0   0   0   0   0   0   0   
dpu5   0   0   0   0   0   0   0   0   0   0   0   0   0   
dpu6   0   0   0   0   0   0   0   0   0   0   0   0   0   
dpu7   0   0   0   0   0   0   0   0   0   0   0   0   0   

    Memory
        vis_vram total                            : 67108864 KB
        vis_vram used                             : 885184 KB
        vis_vram usage                            : 1.3 %
        vram total                                : 67108864 KB
        vram used                                 : 885184 KB
        vram usage                                : 1.3 %
        xtt total                                 : 802959600 KB
        xtt used                                  : 220736 KB
        xtt usage                                 : 0 %

    Utilization
        GPU                                       : 0 %
        VPUE                                      : 0 %
        VPUD                                      : 0 %

    Hbm Bandwidth
        throughput                                : 1 MBytes/s

    Clock
        HTCORE                                    : 437 MHz
        HC                                        : 1809 MHz
        VPUE                                      : 544 MHz
        VPUD                                      : 534 MHz

End of Log
===== SAMPLE_61 22:19:20 =====
ht-smi  version: 2.2.12

=================== Mars System Management Interface Log ===================
Timestamp                                         : Fri Oct  2 22:19:20 2026

Attached GPUs                                     : 4
GPU#0  X201  0000:96:00.0
                         Cu Usage
Index  0   1   2   3   4   5   6   7   8   9   10  11  12  
dpu0   0   0   0   0   0   0   0   0   0   0   0   0   0   
dpu1   0   0   0   0   0   0   0   0   0   0   0   0   0   
dpu2   0   0   0   0   0   0   0   0   0   0   0   0   0   
dpu3   0   0   0   0   0   0   0   0   0   0   0   0   0   
dpu4   0   0   0   0   0   0   0   0   0   0   0   0   0   
dpu5   0   0   0   0   0   0   0   0   0   0   0   0   0   
dpu6   0   0   0   0   0   0   0   0   0   0   0   0   0   
dpu7   0   0   0   0   0   0   0   0   0   0   0   0   0   

    Memory
        vis_vram total                            : 67108864 KB
        vis_vram used                             : 6693888 KB
        vis_vram usage                            : 9.9 %
        vram total                                : 67108864 KB
        vram used                                 : 6693888 KB
        vram usage                                : 9.9 %
        xtt total                                 : 802959600 KB
        xtt used                                  : 206400 KB
        xtt usage                                 : 0 %

    Utilization
        GPU                                       : 0 %
        VPUE                                      : 0 %
        VPUD                                      : 0 %

    Hbm Bandwidth
        throughput                                : 348 MBytes/s

    Clock
        HTCORE                                    : 1134 MHz
        HC                                        : 1809 MHz
        VPUE                                      : 544 MHz
        VPUD                                      : 534 MHz

GPU#1  X201  0000:ab:00.0
                         Cu Usage
Index  0   1   2   3   4   5   6   7   8   9   10  11  12  
dpu0   0   0   0   0   0   0   0   0   0   0   0   0   0   
dpu1   0   0   0   0   0   0   0   0   0   0   0   0   0   
dpu2   0   0   0   0   0   0   0   0   0   0   0   0   0   
dpu3   0   0   0   0   0   0   0   0   0   0   0   0   0   
dpu4   0   0   0   0   0   0   0   0   0   0   0   0   0   
dpu5   0   0   0   0   0   0   0   0   0   0   0   0   0   
dpu6   0   0   0   0   0   0   0   0   0   0   0   0   0   
dpu7   0   0   0   0   0   0   0   0   0   0   0   0   0   

    Memory
        vis_vram total                            : 67108864 KB
        vis_vram used                             : 1428160 KB
        vis_vram usage                            : 2.1 %
        vram total                                : 67108864 KB
        vram used                                 : 1428160 KB
        vram usage                                : 2.1 %
        xtt total                                 : 802959600 KB
        xtt used                                  : 220736 KB
        xtt usage                                 : 0 %

    Utilization
        GPU                                       : 0 %
        VPUE                                      : 0 %
        VPUD                                      : 0 %

    Hbm Bandwidth
        throughput                                : 172 MBytes/s

    Clock
        HTCORE                                    : 1134 MHz
        HC                                        : 1809 MHz
        VPUE                                      : 544 MHz
        VPUD                                      : 534 MHz

GPU#2  X201  0000:c1:00.0
                         Cu Usage
Index  0   1   2   3   4   5   6   7   8   9   10  11  12  
dpu0   0   0   0   0   0   0   0   0   0   0   0   0   0   
dpu1   0   0   0   0   0   0   0   0   0   0   0   0   0   
dpu2   0   0   0   0   0   0   0   0   0   0   0   0   0   
dpu3   0   0   0   0   0   0   0   0   0   0   0   0   0   
dpu4   0   0   0   0   0   0   0   0   0   0   0   0   0   
dpu5   0   0   0   0   0   0   0   0   0   0   0   0   0   
dpu6   0   0   0   0   0   0   0   0   0   0   0   0   0   
dpu7   0   0   0   0   0   0   0   0   0   0   0   0   0   

    Memory
        vis_vram total                            : 67108864 KB
        vis_vram used                             : 885248 KB
        vis_vram usage                            : 1.3 %
        vram total                                : 67108864 KB
        vram used                                 : 885248 KB
        vram usage                                : 1.3 %
        xtt total                                 : 802959600 KB
        xtt used                                  : 220736 KB
        xtt usage                                 : 0 %

    Utilization
        GPU                                       : 0 %
        VPUE                                      : 0 %
        VPUD                                      : 0 %

    Hbm Bandwidth
        throughput                                : 1 MBytes/s

    Clock
        HTCORE                                    : 437 MHz
        HC                                        : 1809 MHz
        VPUE                                      : 544 MHz
        VPUD                                      : 534 MHz

GPU#3  X201  0000:d6:00.0
                         Cu Usage
Index  0   1   2   3   4   5   6   7   8   9   10  11  12  
dpu0   0   0   0   0   0   0   0   0   0   0   0   0   0   
dpu1   0   0   0   0   0   0   0   0   0   0   0   0   0   
dpu2   0   0   0   0   0   0   0   0   0   0   0   0   0   
dpu3   0   0   0   0   0   0   0   0   0   0   0   0   0   
dpu4   0   0   0   0   0   0   0   0   0   0   0   0   0   
dpu5   0   0   0   0   0   0   0   0   0   0   0   0   0   
dpu6   0   0   0   0   0   0   0   0   0   0   0   0   0   
dpu7   0   0   0   0   0   0   0   0   0   0   0   0   0   

    Memory
        vis_vram total                            : 67108864 KB
        vis_vram used                             : 885184 KB
        vis_vram usage                            : 1.3 %
        vram total                                : 67108864 KB
        vram used                                 : 885184 KB
        vram usage                                : 1.3 %
        xtt total                                 : 802959600 KB
        xtt used                                  : 220736 KB
        xtt usage                                 : 0 %

    Utilization
        GPU                                       : 0 %
        VPUE                                      : 0 %
        VPUD                                      : 0 %

    Hbm Bandwidth
        throughput                                : 1 MBytes/s

    Clock
        HTCORE                                    : 437 MHz
        HC                                        : 1809 MHz
        VPUE                                      : 544 MHz
        VPUD                                      : 534 MHz

End of Log
===== SAMPLE_62 22:19:23 =====
ht-smi  version: 2.2.12

=================== Mars System Management Interface Log ===================
Timestamp                                         : Fri Oct  2 22:19:23 2026

Attached GPUs                                     : 4
GPU#0  X201  0000:96:00.0
                         Cu Usage
Index  0   1   2   3   4   5   6   7   8   9   10  11  12  
dpu0   0   0   0   0   0   0   0   0   0   0   0   0   0   
dpu1   0   0   0   0   0   0   0   0   0   0   0   0   0   
dpu2   0   0   0   0   0   0   0   0   0   0   0   0   0   
dpu3   0   0   0   0   0   0   0   0   0   0   0   0   0   
dpu4   0   0   0   0   0   0   0   0   0   0   0   0   0   
dpu5   0   0   0   0   0   0   0   0   0   0   0   0   0   
dpu6   0   0   0   0   0   0   0   0   0   0   0   0   0   
dpu7   0   0   0   0   0   0   0   0   0   0   0   0   0   

    Memory
        vis_vram total                            : 67108864 KB
        vis_vram used                             : 7218304 KB
        vis_vram usage                            : 10.7 %
        vram total                                : 67108864 KB
        vram used                                 : 7218304 KB
        vram usage                                : 10.7 %
        xtt total                                 : 802959600 KB
        xtt used                                  : 206400 KB
        xtt usage                                 : 0 %

    Utilization
        GPU                                       : 0 %
        VPUE                                      : 0 %
        VPUD                                      : 0 %

    Hbm Bandwidth
        throughput                                : 363 MBytes/s

    Clock
        HTCORE                                    : 1134 MHz
        HC                                        : 1809 MHz
        VPUE                                      : 544 MHz
        VPUD                                      : 534 MHz

GPU#1  X201  0000:ab:00.0
                         Cu Usage
Index  0   1   2   3   4   5   6   7   8   9   10  11  12  
dpu0   0   0   0   0   0   0   0   0   0   0   0   0   0   
dpu1   0   0   0   0   0   0   0   0   0   0   0   0   0   
dpu2   0   0   0   0   0   0   0   0   0   0   0   0   0   
dpu3   0   0   0   0   0   0   0   0   0   0   0   0   0   
dpu4   0   0   0   0   0   0   0   0   0   0   0   0   0   
dpu5   0   0   0   0   0   0   0   0   0   0   0   0   0   
dpu6   0   0   0   0   0   0   0   0   0   0   0   0   0   
dpu7   0   0   0   0   0   0   0   0   0   0   0   0   0   

    Memory
        vis_vram total                            : 67108864 KB
        vis_vram used                             : 1428096 KB
        vis_vram usage                            : 2.1 %
        vram total                                : 67108864 KB
        vram used                                 : 1428096 KB
        vram usage                                : 2.1 %
        xtt total                                 : 802959600 KB
        xtt used                                  : 220736 KB
        xtt usage                                 : 0 %

    Utilization
        GPU                                       : 0 %
        VPUE                                      : 0 %
        VPUD                                      : 0 %

    Hbm Bandwidth
        throughput                                : 198 MBytes/s

    Clock
        HTCORE                                    : 1134 MHz
        HC                                        : 1809 MHz
        VPUE                                      : 544 MHz
        VPUD                                      : 534 MHz

GPU#2  X201  0000:c1:00.0
                         Cu Usage
Index  0   1   2   3   4   5   6   7   8   9   10  11  12  
dpu0   0   0   0   0   0   0   0   0   0   0   0   0   0   
dpu1   0   0   0   0   0   0   0   0   0   0   0   0   0   
dpu2   0   0   0   0   0   0   0   0   0   0   0   0   0   
dpu3   0   0   0   0   0   0   0   0   0   0   0   0   0   
dpu4   0   0   0   0   0   0   0   0   0   0   0   0   0   
dpu5   0   0   0   0   0   0   0   0   0   0   0   0   0   
dpu6   0   0   0   0   0   0   0   0   0   0   0   0   0   
dpu7   0   0   0   0   0   0   0   0   0   0   0   0   0   

    Memory
        vis_vram total                            : 67108864 KB
        vis_vram used                             : 885184 KB
        vis_vram usage                            : 1.3 %
        vram total                                : 67108864 KB
        vram used                                 : 885184 KB
        vram usage                                : 1.3 %
        xtt total                                 : 802959600 KB
        xtt used                                  : 220736 KB
        xtt usage                                 : 0 %

    Utilization
        GPU                                       : 0 %
        VPUE                                      : 0 %
        VPUD                                      : 0 %

    Hbm Bandwidth
        throughput                                : 2 MBytes/s

    Clock
        HTCORE                                    : 437 MHz
        HC                                        : 1809 MHz
        VPUE                                      : 544 MHz
        VPUD                                      : 534 MHz

GPU#3  X201  0000:d6:00.0
                         Cu Usage
Index  0   1   2   3   4   5   6   7   8   9   10  11  12  
dpu0   0   0   0   0   0   0   0   0   0   0   0   0   0   
dpu1   0   0   0   0   0   0   0   0   0   0   0   0   0   
dpu2   0   0   0   0   0   0   0   0   0   0   0   0   0   
dpu3   0   0   0   0   0   0   0   0   0   0   0   0   0   
dpu4   0   0   0   0   0   0   0   0   0   0   0   0   0   
dpu5   0   0   0   0   0   0   0   0   0   0   0   0   0   
dpu6   0   0   0   0   0   0   0   0   0   0   0   0   0   
dpu7   0   0   0   0   0   0   0   0   0   0   0   0   0   

    Memory
        vis_vram total                            : 67108864 KB
        vis_vram used                             : 885184 KB
        vis_vram usage                            : 1.3 %
        vram total                                : 67108864 KB
        vram used                                 : 885184 KB
        vram usage                                : 1.3 %
        xtt total                                 : 802959600 KB
        xtt used                                  : 220736 KB
        xtt usage                                 : 0 %

    Utilization
        GPU                                       : 0 %
        VPUE                                      : 0 %
        VPUD                                      : 0 %

    Hbm Bandwidth
        throughput                                : 1 MBytes/s

    Clock
        HTCORE                                    : 437 MHz
        HC                                        : 1809 MHz
        VPUE                                      : 544 MHz
        VPUD                                      : 534 MHz

End of Log
===== SAMPLE_63 22:19:26 =====
ht-smi  version: 2.2.12

=================== Mars System Management Interface Log ===================
Timestamp                                         : Fri Oct  2 22:19:26 2026

Attached GPUs                                     : 4
GPU#0  X201  0000:96:00.0
                         Cu Usage
Index  0   1   2   3   4   5   6   7   8   9   10  11  12  
dpu0   0   0   0   0   0   0   0   0   0   0   0   0   0   
dpu1   0   0   0   0   0   0   0   0   0   0   0   0   0   
dpu2   0   0   0   0   0   0   0   0   0   0   0   0   0   
dpu3   0   0   0   0   0   0   0   0   0   0   0   0   0   
dpu4   0   0   0   0   0   0   0   0   0   0   0   0   0   
dpu5   0   0   0   0   0   0   0   0   0   0   0   0   0   
dpu6   0   0   0   0   0   0   0   0   0   0   0   0   0   
dpu7   0   0   0   0   0   0   0   0   0   0   0   0   0   

    Memory
        vis_vram total                            : 67108864 KB
        vis_vram used                             : 7218880 KB
        vis_vram usage                            : 10.7 %
        vram total                                : 67108864 KB
        vram used                                 : 7218880 KB
        vram usage                                : 10.7 %
        xtt total                                 : 802959600 KB
        xtt used                                  : 206400 KB
        xtt usage                                 : 0 %

    Utilization
        GPU                                       : 0 %
        VPUE                                      : 0 %
        VPUD                                      : 0 %

    Hbm Bandwidth
        throughput                                : 367 MBytes/s

    Clock
        HTCORE                                    : 1134 MHz
        HC                                        : 1809 MHz
        VPUE                                      : 544 MHz
        VPUD                                      : 534 MHz

GPU#1  X201  0000:ab:00.0
                         Cu Usage
Index  0   1   2   3   4   5   6   7   8   9   10  11  12  
dpu0   0   0   0   0   0   0   0   0   0   0   0   0   0   
dpu1   0   0   0   0   0   0   0   0   0   0   0   0   0   
dpu2   0   0   0   0   0   0   0   0   0   0   0   0   0   
dpu3   0   0   0   0   0   0   0   0   0   0   0   0   0   
dpu4   0   0   0   0   0   0   0   0   0   0   0   0   0   
dpu5   0   0   0   0   0   0   0   0   0   0   0   0   0   
dpu6   0   0   0   0   0   0   0   0   0   0   0   0   0   
dpu7   0   0   0   0   0   0   0   0   0   0   0   0   0   

    Memory
        vis_vram total                            : 67108864 KB
        vis_vram used                             : 1428096 KB
        vis_vram usage                            : 2.1 %
        vram total                                : 67108864 KB
        vram used                                 : 1428096 KB
        vram usage                                : 2.1 %
        xtt total                                 : 802959600 KB
        xtt used                                  : 220736 KB
        xtt usage                                 : 0 %

    Utilization
        GPU                                       : 0 %
        VPUE                                      : 0 %
        VPUD                                      : 0 %

    Hbm Bandwidth
        throughput                                : 241 MBytes/s

    Clock
        HTCORE                                    : 1134 MHz
        HC                                        : 1809 MHz
        VPUE                                      : 544 MHz
        VPUD                                      : 534 MHz

GPU#2  X201  0000:c1:00.0
                         Cu Usage
Index  0   1   2   3   4   5   6   7   8   9   10  11  12  
dpu0   0   0   0   0   0   0   0   0   0   0   0   0   0   
dpu1   0   0   0   0   0   0   0   0   0   0   0   0   0   
dpu2   0   0   0   0   0   0   0   0   0   0   0   0   0   
dpu3   0   0   0   0   0   0   0   0   0   0   0   0   0   
dpu4   0   0   0   0   0   0   0   0   0   0   0   0   0   
dpu5   0   0   0   0   0   0   0   0   0   0   0   0   0   
dpu6   0   0   0   0   0   0   0   0   0   0   0   0   0   
dpu7   0   0   0   0   0   0   0   0   0   0   0   0   0   

    Memory
        vis_vram total                            : 67108864 KB
        vis_vram used                             : 885184 KB
        vis_vram usage                            : 1.3 %
        vram total                                : 67108864 KB
        vram used                                 : 885184 KB
        vram usage                                : 1.3 %
        xtt total                                 : 802959600 KB
        xtt used                                  : 220736 KB
        xtt usage                                 : 0 %

    Utilization
        GPU                                       : 0 %
        VPUE                                      : 0 %
        VPUD                                      : 0 %

    Hbm Bandwidth
        throughput                                : 1 MBytes/s

    Clock
        HTCORE                                    : 437 MHz
        HC                                        : 1809 MHz
        VPUE                                      : 544 MHz
        VPUD                                      : 534 MHz

GPU#3  X201  0000:d6:00.0
                         Cu Usage
Index  0   1   2   3   4   5   6   7   8   9   10  11  12  
dpu0   0   0   0   0   0   0   0   0   0   0   0   0   0   
dpu1   0   0   0   0   0   0   0   0   0   0   0   0   0   
dpu2   0   0   0   0   0   0   0   0   0   0   0   0   0   
dpu3   0   0   0   0   0   0   0   0   0   0   0   0   0   
dpu4   0   0   0   0   0   0   0   0   0   0   0   0   0   
dpu5   0   0   0   0   0   0   0   0   0   0   0   0   0   
dpu6   0   0   0   0   0   0   0   0   0   0   0   0   0   
dpu7   0   0   0   0   0   0   0   0   0   0   0   0   0   

    Memory
        vis_vram total                            : 67108864 KB
        vis_vram used                             : 885184 KB
        vis_vram usage                            : 1.3 %
        vram total                                : 67108864 KB
        vram used                                 : 885184 KB
        vram usage                                : 1.3 %
        xtt total                                 : 802959600 KB
        xtt used                                  : 206400 KB
        xtt usage                                 : 0 %

    Utilization
        GPU                                       : 0 %
        VPUE                                      : 0 %
        VPUD                                      : 0 %

    Hbm Bandwidth
        throughput                                : 1 MBytes/s

    Clock
        HTCORE                                    : 437 MHz
        HC                                        : 1809 MHz
        VPUE                                      : 544 MHz
        VPUD                                      : 534 MHz

End of Log
===== SAMPLE_64 22:19:30 =====
ht-smi  version: 2.2.12

=================== Mars System Management Interface Log ===================
Timestamp                                         : Fri Oct  2 22:19:30 2026

Attached GPUs                                     : 4
GPU#0  X201  0000:96:00.0
                         Cu Usage
Index  0   1   2   3   4   5   6   7   8   9   10  11  12  
dpu0   0   0   0   0   0   0   0   0   0   0   0   0   0   
dpu1   0   0   0   0   0   0   0   0   0   0   0   0   0   
dpu2   0   0   0   0   0   0   0   0   0   0   0   0   0   
dpu3   0   0   0   0   0   0   0   0   0   0   0   0   0   
dpu4   0   0   0   0   0   0   0   0   0   0   0   0   0   
dpu5   0   0   0   0   0   0   0   0   0   0   0   0   0   
dpu6   0   0   0   0   0   0   0   0   0   0   0   0   0   
dpu7   0   0   0   0   0   0   0   0   0   0   0   0   0   

    Memory
        vis_vram total                            : 67108864 KB
        vis_vram used                             : 4051008 KB
        vis_vram usage                            : 6 %
        vram total                                : 67108864 KB
        vram used                                 : 4051008 KB
        vram usage                                : 6 %
        xtt total                                 : 802959600 KB
        xtt used                                  : 174912 KB
        xtt usage                                 : 0 %

    Utilization
        GPU                                       : 0 %
        VPUE                                      : 0 %
        VPUD                                      : 0 %

    Hbm Bandwidth
        throughput                                : 204 MBytes/s

    Clock
        HTCORE                                    : 1134 MHz
        HC                                        : 1809 MHz
        VPUE                                      : 544 MHz
        VPUD                                      : 534 MHz

GPU#1  X201  0000:ab:00.0
                         Cu Usage
Index  0   1   2   3   4   5   6   7   8   9   10  11  12  
dpu0   0   0   0   0   0   0   0   0   0   0   0   0   0   
dpu1   0   0   0   0   0   0   0   0   0   0   0   0   0   
dpu2   0   0   0   0   0   0   0   0   0   0   0   0   0   
dpu3   0   0   0   0   0   0   0   0   0   0   0   0   0   
dpu4   0   0   0   0   0   0   0   0   0   0   0   0   0   
dpu5   0   0   0   0   0   0   0   0   0   0   0   0   0   
dpu6   0   0   0   0   0   0   0   0   0   0   0   0   0   
dpu7   0   0   0   0   0   0   0   0   0   0   0   0   0   

    Memory
        vis_vram total                            : 67108864 KB
        vis_vram used                             : 1427264 KB
        vis_vram usage                            : 2.1 %
        vram total                                : 67108864 KB
        vram used                                 : 1427264 KB
        vram usage                                : 2.1 %
        xtt total                                 : 802959600 KB
        xtt used                                  : 174912 KB
        xtt usage                                 : 0 %

    Utilization
        GPU                                       : 0 %
        VPUE                                      : 0 %
        VPUD                                      : 0 %

    Hbm Bandwidth
        throughput                                : 122 MBytes/s

    Clock
        HTCORE                                    : 1134 MHz
        HC                                        : 1809 MHz
        VPUE                                      : 544 MHz
        VPUD                                      : 534 MHz

GPU#2  X201  0000:c1:00.0
                         Cu Usage
Index  0   1   2   3   4   5   6   7   8   9   10  11  12  
dpu0   0   0   0   0   0   0   0   0   0   0   0   0   0   
dpu1   0   0   0   0   0   0   0   0   0   0   0   0   0   
dpu2   0   0   0   0   0   0   0   0   0   0   0   0   0   
dpu3   0   0   0   0   0   0   0   0   0   0   0   0   0   
dpu4   0   0   0   0   0   0   0   0   0   0   0   0   0   
dpu5   0   0   0   0   0   0   0   0   0   0   0   0   0   
dpu6   0   0   0   0   0   0   0   0   0   0   0   0   0   
dpu7   0   0   0   0   0   0   0   0   0   0   0   0   0   

    Memory
        vis_vram total                            : 67108864 KB
        vis_vram used                             : 884288 KB
        vis_vram usage                            : 1.3 %
        vram total                                : 67108864 KB
        vram used                                 : 884288 KB
        vram usage                                : 1.3 %
        xtt total                                 : 802959600 KB
        xtt used                                  : 174912 KB
        xtt usage                                 : 0 %

    Utilization
        GPU                                       : 0 %
        VPUE                                      : 0 %
        VPUD                                      : 0 %

    Hbm Bandwidth
        throughput                                : 2 MBytes/s

    Clock
        HTCORE                                    : 437 MHz
        HC                                        : 1809 MHz
        VPUE                                      : 544 MHz
        VPUD                                      : 534 MHz

GPU#3  X201  0000:d6:00.0
                         Cu Usage
Index  0   1   2   3   4   5   6   7   8   9   10  11  12  
dpu0   0   0   0   0   0   0   0   0   0   0   0   0   0   
dpu1   0   0   0   0   0   0   0   0   0   0   0   0   0   
dpu2   0   0   0   0   0   0   0   0   0   0   0   0   0   
dpu3   0   0   0   0   0   0   0   0   0   0   0   0   0   
dpu4   0   0   0   0   0   0   0   0   0   0   0   0   0   
dpu5   0   0   0   0   0   0   0   0   0   0   0   0   0   
dpu6   0   0   0   0   0   0   0   0   0   0   0   0   0   
dpu7   0   0   0   0   0   0   0   0   0   0   0   0   0   

    Memory
        vis_vram total                            : 67108864 KB
        vis_vram used                             : 884288 KB
        vis_vram usage                            : 1.3 %
        vram total                                : 67108864 KB
        vram used                                 : 884288 KB
        vram usage                                : 1.3 %
        xtt total                                 : 802959600 KB
        xtt used                                  : 160576 KB
        xtt usage                                 : 0 %

    Utilization
        GPU                                       : 0 %
        VPUE                                      : 0 %
        VPUD                                      : 0 %

    Hbm Bandwidth
        throughput                                : 1 MBytes/s

    Clock
        HTCORE                                    : 437 MHz
        HC                                        : 1809 MHz
        VPUE                                      : 544 MHz
        VPUD                                      : 534 MHz

End of Log
===== SAMPLE_65 22:19:33 =====
ht-smi  version: 2.2.12

=================== Mars System Management Interface Log ===================
Timestamp                                         : Fri Oct  2 22:19:33 2026

Attached GPUs                                     : 4
GPU#0  X201  0000:96:00.0
                         Cu Usage
Index  0   1   2   3   4   5   6   7   8   9   10  11  12  
dpu0   0   0   0   0   0   0   0   0   0   0   0   0   0   
dpu1   0   0   0   0   0   0   0   0   0   0   0   0   0   
dpu2   0   0   0   0   0   0   0   0   0   0   0   0   0   
dpu3   0   0   0   0   0   0   0   0   0   0   0   0   0   
dpu4   0   0   0   0   0   0   0   0   0   0   0   0   0   
dpu5   0   0   0   0   0   0   0   0   0   0   0   0   0   
dpu6   0   0   0   0   0   0   0   0   0   0   0   0   0   
dpu7   0   0   0   0   0   0   0   0   0   0   0   0   0   

    Memory
        vis_vram total                            : 67108864 KB
        vis_vram used                             : 883328 KB
        vis_vram usage                            : 1.3 %
        vram total                                : 67108864 KB
        vram used                                 : 883328 KB
        vram usage                                : 1.3 %
        xtt total                                 : 802959600 KB
        xtt used                                  : 129088 KB
        xtt usage                                 : 0 %

    Utilization
        GPU                                       : 0 %
        VPUE                                      : 0 %
        VPUD                                      : 0 %

    Hbm Bandwidth
        throughput                                : 2 MBytes/s

    Clock
        HTCORE                                    : 437 MHz
        HC                                        : 1809 MHz
        VPUE                                      : 544 MHz
        VPUD                                      : 534 MHz

GPU#1  X201  0000:ab:00.0
                         Cu Usage
Index  0   1   2   3   4   5   6   7   8   9   10  11  12  
dpu0   0   0   0   0   0   0   0   0   0   0   0   0   0   
dpu1   0   0   0   0   0   0   0   0   0   0   0   0   0   
dpu2   0   0   0   0   0   0   0   0   0   0   0   0   0   
dpu3   0   0   0   0   0   0   0   0   0   0   0   0   0   
dpu4   0   0   0   0   0   0   0   0   0   0   0   0   0   
dpu5   0   0   0   0   0   0   0   0   0   0   0   0   0   
dpu6   0   0   0   0   0   0   0   0   0   0   0   0   0   
dpu7   0   0   0   0   0   0   0   0   0   0   0   0   0   

    Memory
        vis_vram total                            : 67108864 KB
        vis_vram used                             : 1426176 KB
        vis_vram usage                            : 2.1 %
        vram total                                : 67108864 KB
        vram used                                 : 1426176 KB
        vram usage                                : 2.1 %
        xtt total                                 : 802959600 KB
        xtt used                                  : 114752 KB
        xtt usage                                 : 0 %

    Utilization
        GPU                                       : 0 %
        VPUE                                      : 0 %
        VPUD                                      : 0 %

    Hbm Bandwidth
        throughput                                : 155 MBytes/s

    Clock
        HTCORE                                    : 1134 MHz
        HC                                        : 1809 MHz
        VPUE                                      : 544 MHz
        VPUD                                      : 534 MHz

GPU#2  X201  0000:c1:00.0
                         Cu Usage
Index  0   1   2   3   4   5   6   7   8   9   10  11  12  
dpu0   0   0   0   0   0   0   0   0   0   0   0   0   0   
dpu1   0   0   0   0   0   0   0   0   0   0   0   0   0   
dpu2   0   0   0   0   0   0   0   0   0   0   0   0   0   
dpu3   0   0   0   0   0   0   0   0   0   0   0   0   0   
dpu4   0   0   0   0   0   0   0   0   0   0   0   0   0   
dpu5   0   0   0   0   0   0   0   0   0   0   0   0   0   
dpu6   0   0   0   0   0   0   0   0   0   0   0   0   0   
dpu7   0   0   0   0   0   0   0   0   0   0   0   0   0   

    Memory
        vis_vram total                            : 67108864 KB
        vis_vram used                             : 883328 KB
        vis_vram usage                            : 1.3 %
        vram total                                : 67108864 KB
        vram used                                 : 883328 KB
        vram usage                                : 1.3 %
        xtt total                                 : 802959600 KB
        xtt used                                  : 129088 KB
        xtt usage                                 : 0 %

    Utilization
        GPU                                       : 0 %
        VPUE                                      : 0 %
        VPUD                                      : 0 %

    Hbm Bandwidth
        throughput                                : 2 MBytes/s

    Clock
        HTCORE                                    : 437 MHz
        HC                                        : 1809 MHz
        VPUE                                      : 544 MHz
        VPUD                                      : 534 MHz

GPU#3  X201  0000:d6:00.0
                         Cu Usage
Index  0   1   2   3   4   5   6   7   8   9   10  11  12  
dpu0   0   0   0   0   0   0   0   0   0   0   0   0   0   
dpu1   0   0   0   0   0   0   0   0   0   0   0   0   0   
dpu2   0   0   0   0   0   0   0   0   0   0   0   0   0   
dpu3   0   0   0   0   0   0   0   0   0   0   0   0   0   
dpu4   0   0   0   0   0   0   0   0   0   0   0   0   0   
dpu5   0   0   0   0   0   0   0   0   0   0   0   0   0   
dpu6   0   0   0   0   0   0   0   0   0   0   0   0   0   
dpu7   0   0   0   0   0   0   0   0   0   0   0   0   0   

    Memory
        vis_vram total                            : 67108864 KB
        vis_vram used                             : 883328 KB
        vis_vram usage                            : 1.3 %
        vram total                                : 67108864 KB
        vram used                                 : 883328 KB
        vram usage                                : 1.3 %
        xtt total                                 : 802959600 KB
        xtt used                                  : 114752 KB
        xtt usage                                 : 0 %

    Utilization
        GPU                                       : 0 %
        VPUE                                      : 0 %
        VPUD                                      : 0 %

    Hbm Bandwidth
        throughput                                : 1 MBytes/s

    Clock
        HTCORE                                    : 437 MHz
        HC                                        : 1809 MHz
        VPUE                                      : 544 MHz
        VPUD                                      : 534 MHz

End of Log
===== SAMPLE_66 22:19:36 =====
ht-smi  version: 2.2.12

=================== Mars System Management Interface Log ===================
Timestamp                                         : Fri Oct  2 22:19:36 2026

Attached GPUs                                     : 4
GPU#0  X201  0000:96:00.0
                         Cu Usage
Index  0   1   2   3   4   5   6   7   8   9   10  11  12  
dpu0   0   0   0   0   0   0   0   0   0   0   0   0   0   
dpu1   0   0   0   0   0   0   0   0   0   0   0   0   0   
dpu2   0   0   0   0   0   0   0   0   0   0   0   0   0   
dpu3   0   0   0   0   0   0   0   0   0   0   0   0   0   
dpu4   0   0   0   0   0   0   0   0   0   0   0   0   0   
dpu5   0   0   0   0   0   0   0   0   0   0   0   0   0   
dpu6   0   0   0   0   0   0   0   0   0   0   0   0   0   
dpu7   0   0   0   0   0   0   0   0   0   0   0   0   0   

    Memory
        vis_vram total                            : 67108864 KB
        vis_vram used                             : 883328 KB
        vis_vram usage                            : 1.3 %
        vram total                                : 67108864 KB
        vram used                                 : 883328 KB
        vram usage                                : 1.3 %
        xtt total                                 : 802959600 KB
        xtt used                                  : 114752 KB
        xtt usage                                 : 0 %

    Utilization
        GPU                                       : 0 %
        VPUE                                      : 0 %
        VPUD                                      : 0 %

    Hbm Bandwidth
        throughput                                : 1 MBytes/s

    Clock
        HTCORE                                    : 437 MHz
        HC                                        : 1809 MHz
        VPUE                                      : 544 MHz
        VPUD                                      : 534 MHz

GPU#1  X201  0000:ab:00.0
                         Cu Usage
Index  0   1   2   3   4   5   6   7   8   9   10  11  12  
dpu0   0   0   0   0   0   0   0   0   0   0   0   0   0   
dpu1   0   0   0   0   0   0   0   0   0   0   0   0   0   
dpu2   0   0   0   0   0   0   0   0   0   0   0   0   0   
dpu3   0   0   0   0   0   0   0   0   0   0   0   0   0   
dpu4   0   0   0   0   0   0   0   0   0   0   0   0   0   
dpu5   0   0   0   0   0   0   0   0   0   0   0   0   0   
dpu6   0   0   0   0   0   0   0   0   0   0   0   0   0   
dpu7   0   0   0   0   0   0   0   0   0   0   0   0   0   

    Memory
        vis_vram total                            : 67108864 KB
        vis_vram used                             : 1426368 KB
        vis_vram usage                            : 2.1 %
        vram total                                : 67108864 KB
        vram used                                 : 1426368 KB
        vram usage                                : 2.1 %
        xtt total                                 : 802959600 KB
        xtt used                                  : 129088 KB
        xtt usage                                 : 0 %

    Utilization
        GPU                                       : 0 %
        VPUE                                      : 0 %
        VPUD                                      : 0 %

    Hbm Bandwidth
        throughput                                : 159 MBytes/s

    Clock
        HTCORE                                    : 1134 MHz
        HC                                        : 1809 MHz
        VPUE                                      : 544 MHz
        VPUD                                      : 534 MHz

GPU#2  X201  0000:c1:00.0
                         Cu Usage
Index  0   1   2   3   4   5   6   7   8   9   10  11  12  
dpu0   0   0   0   0   0   0   0   0   0   0   0   0   0   
dpu1   0   0   0   0   0   0   0   0   0   0   0   0   0   
dpu2   0   0   0   0   0   0   0   0   0   0   0   0   0   
dpu3   0   0   0   0   0   0   0   0   0   0   0   0   0   
dpu4   0   0   0   0   0   0   0   0   0   0   0   0   0   
dpu5   0   0   0   0   0   0   0   0   0   0   0   0   0   
dpu6   0   0   0   0   0   0   0   0   0   0   0   0   0   
dpu7   0   0   0   0   0   0   0   0   0   0   0   0   0   

    Memory
        vis_vram total                            : 67108864 KB
        vis_vram used                             : 883328 KB
        vis_vram usage                            : 1.3 %
        vram total                                : 67108864 KB
        vram used                                 : 883328 KB
        vram usage                                : 1.3 %
        xtt total                                 : 802959600 KB
        xtt used                                  : 114752 KB
        xtt usage                                 : 0 %

    Utilization
        GPU                                       : 0 %
        VPUE                                      : 0 %
        VPUD                                      : 0 %

    Hbm Bandwidth
        throughput                                : 2 MBytes/s

    Clock
        HTCORE                                    : 437 MHz
        HC                                        : 1809 MHz
        VPUE                                      : 544 MHz
        VPUD                                      : 534 MHz

GPU#3  X201  0000:d6:00.0
                         Cu Usage
Index  0   1   2   3   4   5   6   7   8   9   10  11  12  
dpu0   0   0   0   0   0   0   0   0   0   0   0   0   0   
dpu1   0   0   0   0   0   0   0   0   0   0   0   0   0   
dpu2   0   0   0   0   0   0   0   0   0   0   0   0   0   
dpu3   0   0   0   0   0   0   0   0   0   0   0   0   0   
dpu4   0   0   0   0   0   0   0   0   0   0   0   0   0   
dpu5   0   0   0   0   0   0   0   0   0   0   0   0   0   
dpu6   0   0   0   0   0   0   0   0   0   0   0   0   0   
dpu7   0   0   0   0   0   0   0   0   0   0   0   0   0   

    Memory
        vis_vram total                            : 67108864 KB
        vis_vram used                             : 883328 KB
        vis_vram usage                            : 1.3 %
        vram total                                : 67108864 KB
        vram used                                 : 883328 KB
        vram usage                                : 1.3 %
        xtt total                                 : 802959600 KB
        xtt used                                  : 114752 KB
        xtt usage                                 : 0 %

    Utilization
        GPU                                       : 0 %
        VPUE                                      : 0 %
        VPUD                                      : 0 %

    Hbm Bandwidth
        throughput                                : 1 MBytes/s

    Clock
        HTCORE                                    : 437 MHz
        HC                                        : 1809 MHz
        VPUE                                      : 544 MHz
        VPUD                                      : 534 MHz

End of Log
===== SAMPLE_67 22:19:39 =====
ht-smi  version: 2.2.12

=================== Mars System Management Interface Log ===================
Timestamp                                         : Fri Oct  2 22:19:39 2026

Attached GPUs                                     : 4
GPU#0  X201  0000:96:00.0
                         Cu Usage
Index  0   1   2   3   4   5   6   7   8   9   10  11  12  
dpu0   0   0   0   0   0   0   0   0   0   0   0   0   0   
dpu1   0   0   0   0   0   0   0   0   0   0   0   0   0   
dpu2   0   0   0   0   0   0   0   0   0   0   0   0   0   
dpu3   0   0   0   0   0   0   0   0   0   0   0   0   0   
dpu4   0   0   0   0   0   0   0   0   0   0   0   0   0   
dpu5   0   0   0   0   0   0   0   0   0   0   0   0   0   
dpu6   0   0   0   0   0   0   0   0   0   0   0   0   0   
dpu7   0   0   0   0   0   0   0   0   0   0   0   0   0   

    Memory
        vis_vram total                            : 67108864 KB
        vis_vram used                             : 883328 KB
        vis_vram usage                            : 1.3 %
        vram total                                : 67108864 KB
        vram used                                 : 883328 KB
        vram usage                                : 1.3 %
        xtt total                                 : 802959600 KB
        xtt used                                  : 114752 KB
        xtt usage                                 : 0 %

    Utilization
        GPU                                       : 0 %
        VPUE                                      : 0 %
        VPUD                                      : 0 %

    Hbm Bandwidth
        throughput                                : 1 MBytes/s

    Clock
        HTCORE                                    : 437 MHz
        HC                                        : 1809 MHz
        VPUE                                      : 544 MHz
        VPUD                                      : 534 MHz

GPU#1  X201  0000:ab:00.0
                         Cu Usage
Index  0   1   2   3   4   5   6   7   8   9   10  11  12  
dpu0   0   0   0   0   0   0   0   0   0   0   0   0   0   
dpu1   0   0   0   0   0   0   0   0   0   0   0   0   0   
dpu2   0   0   0   0   0   0   0   0   0   0   0   0   0   
dpu3   0   0   0   0   0   0   0   0   0   0   0   0   0   
dpu4   0   0   0   0   0   0   0   0   0   0   0   0   0   
dpu5   0   0   0   0   0   0   0   0   0   0   0   0   0   
dpu6   0   0   0   0   0   0   0   0   0   0   0   0   0   
dpu7   0   0   0   0   0   0   0   0   0   0   0   0   0   

    Memory
        vis_vram total                            : 67108864 KB
        vis_vram used                             : 1426112 KB
        vis_vram usage                            : 2.1 %
        vram total                                : 67108864 KB
        vram used                                 : 1426112 KB
        vram usage                                : 2.1 %
        xtt total                                 : 802959600 KB
        xtt used                                  : 114752 KB
        xtt usage                                 : 0 %

    Utilization
        GPU                                       : 0 %
        VPUE                                      : 0 %
        VPUD                                      : 0 %

    Hbm Bandwidth
        throughput                                : 156 MBytes/s

    Clock
        HTCORE                                    : 1134 MHz
        HC                                        : 1809 MHz
        VPUE                                      : 544 MHz
        VPUD                                      : 534 MHz

GPU#2  X201  0000:c1:00.0
                         Cu Usage
Index  0   1   2   3   4   5   6   7   8   9   10  11  12  
dpu0   0   0   0   0   0   0   0   0   0   0   0   0   0   
dpu1   0   0   0   0   0   0   0   0   0   0   0   0   0   
dpu2   0   0   0   0   0   0   0   0   0   0   0   0   0   
dpu3   0   0   0   0   0   0   0   0   0   0   0   0   0   
dpu4   0   0   0   0   0   0   0   0   0   0   0   0   0   
dpu5   0   0   0   0   0   0   0   0   0   0   0   0   0   
dpu6   0   0   0   0   0   0   0   0   0   0   0   0   0   
dpu7   0   0   0   0   0   0   0   0   0   0   0   0   0   

    Memory
        vis_vram total                            : 67108864 KB
        vis_vram used                             : 883328 KB
        vis_vram usage                            : 1.3 %
        vram total                                : 67108864 KB
        vram used                                 : 883328 KB
        vram usage                                : 1.3 %
        xtt total                                 : 802959600 KB
        xtt used                                  : 114752 KB
        xtt usage                                 : 0 %

    Utilization
        GPU                                       : 0 %
        VPUE                                      : 0 %
        VPUD                                      : 0 %

    Hbm Bandwidth
        throughput                                : 2 MBytes/s

    Clock
        HTCORE                                    : 437 MHz
        HC                                        : 1809 MHz
        VPUE                                      : 544 MHz
        VPUD                                      : 534 MHz

GPU#3  X201  0000:d6:00.0
                         Cu Usage
Index  0   1   2   3   4   5   6   7   8   9   10  11  12  
dpu0   0   0   0   0   0   0   0   0   0   0   0   0   0   
dpu1   0   0   0   0   0   0   0   0   0   0   0   0   0   
dpu2   0   0   0   0   0   0   0   0   0   0   0   0   0   
dpu3   0   0   0   0   0   0   0   0   0   0   0   0   0   
dpu4   0   0   0   0   0   0   0   0   0   0   0   0   0   
dpu5   0   0   0   0   0   0   0   0   0   0   0   0   0   
dpu6   0   0   0   0   0   0   0   0   0   0   0   0   0   
dpu7   0   0   0   0   0   0   0   0   0   0   0   0   0   

    Memory
        vis_vram total                            : 67108864 KB
        vis_vram used                             : 883328 KB
        vis_vram usage                            : 1.3 %
        vram total                                : 67108864 KB
        vram used                                 : 883328 KB
        vram usage                                : 1.3 %
        xtt total                                 : 802959600 KB
        xtt used                                  : 114752 KB
        xtt usage                                 : 0 %

    Utilization
        GPU                                       : 0 %
        VPUE                                      : 0 %
        VPUD                                      : 0 %

    Hbm Bandwidth
        throughput                                : 1 MBytes/s

    Clock
        HTCORE                                    : 437 MHz
        HC                                        : 1809 MHz
        VPUE                                      : 544 MHz
        VPUD                                      : 534 MHz

End of Log
===== SAMPLE_68 22:19:42 =====
ht-smi  version: 2.2.12

=================== Mars System Management Interface Log ===================
Timestamp                                         : Fri Oct  2 22:19:42 2026

Attached GPUs                                     : 4
GPU#0  X201  0000:96:00.0
                         Cu Usage
Index  0   1   2   3   4   5   6   7   8   9   10  11  12  
dpu0   0   0   0   0   0   0   0   0   0   0   0   0   0   
dpu1   0   0   0   0   0   0   0   0   0   0   0   0   0   
dpu2   0   0   0   0   0   0   0   0   0   0   0   0   0   
dpu3   0   0   0   0   0   0   0   0   0   0   0   0   0   
dpu4   0   0   0   0   0   0   0   0   0   0   0   0   0   
dpu5   0   0   0   0   0   0   0   0   0   0   0   0   0   
dpu6   0   0   0   0   0   0   0   0   0   0   0   0   0   
dpu7   0   0   0   0   0   0   0   0   0   0   0   0   0   

    Memory
        vis_vram total                            : 67108864 KB
        vis_vram used                             : 883328 KB
        vis_vram usage                            : 1.3 %
        vram total                                : 67108864 KB
        vram used                                 : 883328 KB
        vram usage                                : 1.3 %
        xtt total                                 : 802959600 KB
        xtt used                                  : 114752 KB
        xtt usage                                 : 0 %

    Utilization
        GPU                                       : 0 %
        VPUE                                      : 0 %
        VPUD                                      : 0 %

    Hbm Bandwidth
        throughput                                : 1 MBytes/s

    Clock
        HTCORE                                    : 437 MHz
        HC                                        : 1809 MHz
        VPUE                                      : 544 MHz
        VPUD                                      : 534 MHz

GPU#1  X201  0000:ab:00.0
                         Cu Usage
Index  0   1   2   3   4   5   6   7   8   9   10  11  12  
dpu0   0   0   0   0   0   0   0   0   0   0   0   0   0   
dpu1   0   0   0   0   0   0   0   0   0   0   0   0   0   
dpu2   0   0   0   0   0   0   0   0   0   0   0   0   0   
dpu3   0   0   0   0   0   0   0   0   0   0   0   0   0   
dpu4   0   0   0   0   0   0   0   0   0   0   0   0   0   
dpu5   0   0   0   0   0   0   0   0   0   0   0   0   0   
dpu6   0   0   0   0   0   0   0   0   0   0   0   0   0   
dpu7   0   0   0   0   0   0   0   0   0   0   0   0   0   

    Memory
        vis_vram total                            : 67108864 KB
        vis_vram used                             : 1426176 KB
        vis_vram usage                            : 2.1 %
        vram total                                : 67108864 KB
        vram used                                 : 1426176 KB
        vram usage                                : 2.1 %
        xtt total                                 : 802959600 KB
        xtt used                                  : 114752 KB
        xtt usage                                 : 0 %

    Utilization
        GPU                                       : 0 %
        VPUE                                      : 0 %
        VPUD                                      : 0 %

    Hbm Bandwidth
        throughput                                : 123 MBytes/s

    Clock
        HTCORE                                    : 1134 MHz
        HC                                        : 1809 MHz
        VPUE                                      : 544 MHz
        VPUD                                      : 534 MHz

GPU#2  X201  0000:c1:00.0
                         Cu Usage
Index  0   1   2   3   4   5   6   7   8   9   10  11  12  
dpu0   0   0   0   0   0   0   0   0   0   0   0   0   0   
dpu1   0   0   0   0   0   0   0   0   0   0   0   0   0   
dpu2   0   0   0   0   0   0   0   0   0   0   0   0   0   
dpu3   0   0   0   0   0   0   0   0   0   0   0   0   0   
dpu4   0   0   0   0   0   0   0   0   0   0   0   0   0   
dpu5   0   0   0   0   0   0   0   0   0   0   0   0   0   
dpu6   0   0   0   0   0   0   0   0   0   0   0   0   0   
dpu7   0   0   0   0   0   0   0   0   0   0   0   0   0   

    Memory
        vis_vram total                            : 67108864 KB
        vis_vram used                             : 883328 KB
        vis_vram usage                            : 1.3 %
        vram total                                : 67108864 KB
        vram used                                 : 883328 KB
        vram usage                                : 1.3 %
        xtt total                                 : 802959600 KB
        xtt used                                  : 114752 KB
        xtt usage                                 : 0 %

    Utilization
        GPU                                       : 0 %
        VPUE                                      : 0 %
        VPUD                                      : 0 %

    Hbm Bandwidth
        throughput                                : 1 MBytes/s

    Clock
        HTCORE                                    : 437 MHz
        HC                                        : 1809 MHz
        VPUE                                      : 544 MHz
        VPUD                                      : 534 MHz

GPU#3  X201  0000:d6:00.0
                         Cu Usage
Index  0   1   2   3   4   5   6   7   8   9   10  11  12  
dpu0   0   0   0   0   0   0   0   0   0   0   0   0   0   
dpu1   0   0   0   0   0   0   0   0   0   0   0   0   0   
dpu2   0   0   0   0   0   0   0   0   0   0   0   0   0   
dpu3   0   0   0   0   0   0   0   0   0   0   0   0   0   
dpu4   0   0   0   0   0   0   0   0   0   0   0   0   0   
dpu5   0   0   0   0   0   0   0   0   0   0   0   0   0   
dpu6   0   0   0   0   0   0   0   0   0   0   0   0   0   
dpu7   0   0   0   0   0   0   0   0   0   0   0   0   0   

    Memory
        vis_vram total                            : 67108864 KB
        vis_vram used                             : 883328 KB
        vis_vram usage                            : 1.3 %
        vram total                                : 67108864 KB
        vram used                                 : 883328 KB
        vram usage                                : 1.3 %
        xtt total                                 : 802959600 KB
        xtt used                                  : 129088 KB
        xtt usage                                 : 0 %

    Utilization
        GPU                                       : 0 %
        VPUE                                      : 0 %
        VPUD                                      : 0 %

    Hbm Bandwidth
        throughput                                : 1 MBytes/s

    Clock
        HTCORE                                    : 437 MHz
        HC                                        : 1809 MHz
        VPUE                                      : 544 MHz
        VPUD                                      : 534 MHz

End of Log
===== SAMPLE_69 22:19:45 =====
ht-smi  version: 2.2.12

=================== Mars System Management Interface Log ===================
Timestamp                                         : Fri Oct  2 22:19:45 2026

Attached GPUs                                     : 4
GPU#0  X201  0000:96:00.0
                         Cu Usage
Index  0   1   2   3   4   5   6   7   8   9   10  11  12  
dpu0   0   0   0   0   0   0   0   0   0   0   0   0   0   
dpu1   0   0   0   0   0   0   0   0   0   0   0   0   0   
dpu2   0   0   0   0   0   0   0   0   0   0   0   0   0   
dpu3   0   0   0   0   0   0   0   0   0   0   0   0   0   
dpu4   0   0   0   0   0   0   0   0   0   0   0   0   0   
dpu5   0   0   0   0   0   0   0   0   0   0   0   0   0   
dpu6   0   0   0   0   0   0   0   0   0   0   0   0   0   
dpu7   0   0   0   0   0   0   0   0   0   0   0   0   0   

    Memory
        vis_vram total                            : 67108864 KB
        vis_vram used                             : 883328 KB
        vis_vram usage                            : 1.3 %
        vram total                                : 67108864 KB
        vram used                                 : 883328 KB
        vram usage                                : 1.3 %
        xtt total                                 : 802959600 KB
        xtt used                                  : 114752 KB
        xtt usage                                 : 0 %

    Utilization
        GPU                                       : 0 %
        VPUE                                      : 0 %
        VPUD                                      : 0 %

    Hbm Bandwidth
        throughput                                : 1 MBytes/s

    Clock
        HTCORE                                    : 437 MHz
        HC                                        : 1809 MHz
        VPUE                                      : 544 MHz
        VPUD                                      : 534 MHz

GPU#1  X201  0000:ab:00.0
                         Cu Usage
Index  0   1   2   3   4   5   6   7   8   9   10  11  12  
dpu0   0   0   0   0   0   0   0   0   0   0   0   0   0   
dpu1   0   0   0   0   0   0   0   0   0   0   0   0   0   
dpu2   0   0   0   0   0   0   0   0   0   0   0   0   0   
dpu3   0   0   0   0   0   0   0   0   0   0   0   0   0   
dpu4   0   0   0   0   0   0   0   0   0   0   0   0   0   
dpu5   0   0   0   0   0   0   0   0   0   0   0   0   0   
dpu6   0   0   0   0   0   0   0   0   0   0   0   0   0   
dpu7   0   0   0   0   0   0   0   0   0   0   0   0   0   

    Memory
        vis_vram total                            : 67108864 KB
        vis_vram used                             : 1426176 KB
        vis_vram usage                            : 2.1 %
        vram total                                : 67108864 KB
        vram used                                 : 1426176 KB
        vram usage                                : 2.1 %
        xtt total                                 : 802959600 KB
        xtt used                                  : 129088 KB
        xtt usage                                 : 0 %

    Utilization
        GPU                                       : 0 %
        VPUE                                      : 0 %
        VPUD                                      : 0 %

    Hbm Bandwidth
        throughput                                : 118 MBytes/s

    Clock
        HTCORE                                    : 1134 MHz
        HC                                        : 1809 MHz
        VPUE                                      : 544 MHz
        VPUD                                      : 534 MHz

GPU#2  X201  0000:c1:00.0
                         Cu Usage
Index  0   1   2   3   4   5   6   7   8   9   10  11  12  
dpu0   0   0   0   0   0   0   0   0   0   0   0   0   0   
dpu1   0   0   0   0   0   0   0   0   0   0   0   0   0   
dpu2   0   0   0   0   0   0   0   0   0   0   0   0   0   
dpu3   0   0   0   0   0   0   0   0   0   0   0   0   0   
dpu4   0   0   0   0   0   0   0   0   0   0   0   0   0   
dpu5   0   0   0   0   0   0   0   0   0   0   0   0   0   
dpu6   0   0   0   0   0   0   0   0   0   0   0   0   0   
dpu7   0   0   0   0   0   0   0   0   0   0   0   0   0   

    Memory
        vis_vram total                            : 67108864 KB
        vis_vram used                             : 883328 KB
        vis_vram usage                            : 1.3 %
        vram total                                : 67108864 KB
        vram used                                 : 883328 KB
        vram usage                                : 1.3 %
        xtt total                                 : 802959600 KB
        xtt used                                  : 114752 KB
        xtt usage                                 : 0 %

    Utilization
        GPU                                       : 0 %
        VPUE                                      : 0 %
        VPUD                                      : 0 %

    Hbm Bandwidth
        throughput                                : 1 MBytes/s

    Clock
        HTCORE                                    : 437 MHz
        HC                                        : 1809 MHz
        VPUE                                      : 544 MHz
        VPUD                                      : 534 MHz

GPU#3  X201  0000:d6:00.0
                         Cu Usage
Index  0   1   2   3   4   5   6   7   8   9   10  11  12  
dpu0   0   0   0   0   0   0   0   0   0   0   0   0   0   
dpu1   0   0   0   0   0   0   0   0   0   0   0   0   0   
dpu2   0   0   0   0   0   0   0   0   0   0   0   0   0   
dpu3   0   0   0   0   0   0   0   0   0   0   0   0   0   
dpu4   0   0   0   0   0   0   0   0   0   0   0   0   0   
dpu5   0   0   0   0   0   0   0   0   0   0   0   0   0   
dpu6   0   0   0   0   0   0   0   0   0   0   0   0   0   
dpu7   0   0   0   0   0   0   0   0   0   0   0   0   0   

    Memory
        vis_vram total                            : 67108864 KB
        vis_vram used                             : 883328 KB
        vis_vram usage                            : 1.3 %
        vram total                                : 67108864 KB
        vram used                                 : 883328 KB
        vram usage                                : 1.3 %
        xtt total                                 : 802959600 KB
        xtt used                                  : 114752 KB
        xtt usage                                 : 0 %

    Utilization
        GPU                                       : 0 %
        VPUE                                      : 0 %
        VPUD                                      : 0 %

    Hbm Bandwidth
        throughput                                : 2 MBytes/s

    Clock
        HTCORE                                    : 437 MHz
        HC                                        : 1809 MHz
        VPUE                                      : 544 MHz
        VPUD                                      : 534 MHz

End of Log
===== SAMPLE_70 22:19:48 =====
ht-smi  version: 2.2.12

=================== Mars System Management Interface Log ===================
Timestamp                                         : Fri Oct  2 22:19:48 2026

Attached GPUs                                     : 4
GPU#0  X201  0000:96:00.0
                         Cu Usage
Index  0   1   2   3   4   5   6   7   8   9   10  11  12  
dpu0   0   0   0   0   0   0   0   0   0   0   0   0   0   
dpu1   0   0   0   0   0   0   0   0   0   0   0   0   0   
dpu2   0   0   0   0   0   0   0   0   0   0   0   0   0   
dpu3   0   0   0   0   0   0   0   0   0   0   0   0   0   
dpu4   0   0   0   0   0   0   0   0   0   0   0   0   0   
dpu5   0   0   0   0   0   0   0   0   0   0   0   0   0   
dpu6   0   0   0   0   0   0   0   0   0   0   0   0   0   
dpu7   0   0   0   0   0   0   0   0   0   0   0   0   0   

    Memory
        vis_vram total                            : 67108864 KB
        vis_vram used                             : 883328 KB
        vis_vram usage                            : 1.3 %
        vram total                                : 67108864 KB
        vram used                                 : 883328 KB
        vram usage                                : 1.3 %
        xtt total                                 : 802959600 KB
        xtt used                                  : 129088 KB
        xtt usage                                 : 0 %

    Utilization
        GPU                                       : 0 %
        VPUE                                      : 0 %
        VPUD                                      : 0 %

    Hbm Bandwidth
        throughput                                : 1 MBytes/s

    Clock
        HTCORE                                    : 437 MHz
        HC                                        : 1809 MHz
        VPUE                                      : 544 MHz
        VPUD                                      : 534 MHz

GPU#1  X201  0000:ab:00.0
                         Cu Usage
Index  0   1   2   3   4   5   6   7   8   9   10  11  12  
dpu0   0   0   0   0   0   0   0   0   0   0   0   0   0   
dpu1   0   0   0   0   0   0   0   0   0   0   0   0   0   
dpu2   0   0   0   0   0   0   0   0   0   0   0   0   0   
dpu3   0   0   0   0   0   0   0   0   0   0   0   0   0   
dpu4   0   0   0   0   0   0   0   0   0   0   0   0   0   
dpu5   0   0   0   0   0   0   0   0   0   0   0   0   0   
dpu6   0   0   0   0   0   0   0   0   0   0   0   0   0   
dpu7   0   0   0   0   0   0   0   0   0   0   0   0   0   

    Memory
        vis_vram total                            : 67108864 KB
        vis_vram used                             : 1426368 KB
        vis_vram usage                            : 2.1 %
        vram total                                : 67108864 KB
        vram used                                 : 1426368 KB
        vram usage                                : 2.1 %
        xtt total                                 : 802959600 KB
        xtt used                                  : 114752 KB
        xtt usage                                 : 0 %

    Utilization
        GPU                                       : 0 %
        VPUE                                      : 0 %
        VPUD                                      : 0 %

    Hbm Bandwidth
        throughput                                : 164 MBytes/s

    Clock
        HTCORE                                    : 1134 MHz
        HC                                        : 1809 MHz
        VPUE                                      : 544 MHz
        VPUD                                      : 534 MHz

GPU#2  X201  0000:c1:00.0
                         Cu Usage
Index  0   1   2   3   4   5   6   7   8   9   10  11  12  
dpu0   0   0   0   0   0   0   0   0   0   0   0   0   0   
dpu1   0   0   0   0   0   0   0   0   0   0   0   0   0   
dpu2   0   0   0   0   0   0   0   0   0   0   0   0   0   
dpu3   0   0   0   0   0   0   0   0   0   0   0   0   0   
dpu4   0   0   0   0   0   0   0   0   0   0   0   0   0   
dpu5   0   0   0   0   0   0   0   0   0   0   0   0   0   
dpu6   0   0   0   0   0   0   0   0   0   0   0   0   0   
dpu7   0   0   0   0   0   0   0   0   0   0   0   0   0   

    Memory
        vis_vram total                            : 67108864 KB
        vis_vram used                             : 883392 KB
        vis_vram usage                            : 1.3 %
        vram total                                : 67108864 KB
        vram used                                 : 883392 KB
        vram usage                                : 1.3 %
        xtt total                                 : 802959600 KB
        xtt used                                  : 114752 KB
        xtt usage                                 : 0 %

    Utilization
        GPU                                       : 0 %
        VPUE                                      : 0 %
        VPUD                                      : 0 %

    Hbm Bandwidth
        throughput                                : 1 MBytes/s

    Clock
        HTCORE                                    : 437 MHz
        HC                                        : 1809 MHz
        VPUE                                      : 544 MHz
        VPUD                                      : 534 MHz

GPU#3  X201  0000:d6:00.0
                         Cu Usage
Index  0   1   2   3   4   5   6   7   8   9   10  11  12  
dpu0   0   0   0   0   0   0   0   0   0   0   0   0   0   
dpu1   0   0   0   0   0   0   0   0   0   0   0   0   0   
dpu2   0   0   0   0   0   0   0   0   0   0   0   0   0   
dpu3   0   0   0   0   0   0   0   0   0   0   0   0   0   
dpu4   0   0   0   0   0   0   0   0   0   0   0   0   0   
dpu5   0   0   0   0   0   0   0   0   0   0   0   0   0   
dpu6   0   0   0   0   0   0   0   0   0   0   0   0   0   
dpu7   0   0   0   0   0   0   0   0   0   0   0   0   0   

    Memory
        vis_vram total                            : 67108864 KB
        vis_vram used                             : 883328 KB
        vis_vram usage                            : 1.3 %
        vram total                                : 67108864 KB
        vram used                                 : 883328 KB
        vram usage                                : 1.3 %
        xtt total                                 : 802959600 KB
        xtt used                                  : 129088 KB
        xtt usage                                 : 0 %

    Utilization
        GPU                                       : 0 %
        VPUE                                      : 0 %
        VPUD                                      : 0 %

    Hbm Bandwidth
        throughput                                : 1 MBytes/s

    Clock
        HTCORE                                    : 437 MHz
        HC                                        : 1809 MHz
        VPUE                                      : 544 MHz
        VPUD                                      : 534 MHz

End of Log
